ALOJAMIENTO;DIRECCION_VT;MUNICIPIO
VIVIENDA USO TUR.;C/ LUIS DE ASTRANA MARIN, Nº 8 BAJO DCHA EXTERIOR;ALCALA DE HENARES
VIVIENDA USO TUR.;C/ CAMINO NUEVO,Nº 11,1º H;ALCOBENDAS
VIVIENDA USO TUR.;AVDA. CAMILO JOSE CELA, Nº 41;ALCOBENDAS
VIVIENDA USO TUR.;C/CAMINO NUEVO, 11-1ºD;ALCOBENDAS
VIVIENDA USO TUR.;C/ CAMINO NUEVO, 11-1º C;ALCOBENDAS
VIVIENDA USO TUR.;C/CAMINO NUEVO, 11-1º B;ALCOBENDAS
VIVIENDA USO TUR.;C/ TAJO Nº 8, 1º - C;ALCOBENDAS
VIVIENDA USO TUR.;C/ GRANADA 32, BAJO B;ALCOBENDAS
VIVIENDA USO TUR.;C/ TAJO Nº 8, 1ºA;ALCOBENDAS
VIVIENDA USO TUR.;C/ DE LA CRUZ Nº 46, BAJO;ALCOBENDAS
VIVIENDA USO TUR.;C/ FUENTIDUEÑA Nº 12;ALCOBENDAS
VIVIENDA USO TUR.;PZA DEL SAUCE Nº 9 BAJO 1;ALCOBENDAS
VIVIENDA USO TUR.;PZA DEL SAUCE Nº 9 BAJO 2;ALCOBENDAS
VIVIENDA USO TUR.;PZA DEL SAUCE Nº 9 BAJO 4;ALCOBENDAS
VIVIENDA USO TUR.;PLAZUELA DEL SAUCE, Nº 9, LOCAL BAJO 3 ;ALCOBENDAS
VIVIENDA USO TUR.;C/ MARGARITA, Nº 7, BAJO;ALCOBENDAS
VIVIENDA USO TUR.;C/ CAMINO ANCHO, Nº 84, BAJO 20;ALCOBENDAS
VIVIENDA USO TUR.;C/ MARQUESA VIUDA DE ALDAMA Nº 13, BAJO;ALCOBENDAS
VIVIENDA USO TUR.;C/ SAN VICENTE, Nº10 BAJO 3º A;ALCOBENDAS
VIVIENDA USO TUR.;C/ CACERES Nº 24-2º B ;ALCORCON
VIVIENDA USO TUR.;C/ PUENTEDEUME Nº 1, BAJO A;ALCORCÓN
VIVIENDA USO TUR.;C/ GARDENIAS, Nº 2;ALPEDRETE
VIVIENDA USO TUR.;PLAZA PAREJAS, Nº 5 BAJO D;ARANJUEZ
VIVIENDA USO TUR.;C/ SOL Nº 2, ESC. 2, 2º B;ARANJUEZ
VIVIENDA USO TUR.;C/ GAMO Nº 4;BATRES
VIVIENDA USO TUR.;C/ LA CANCHA Nº 5, BAJO 1;CERCEDILLA
VIVIENDA USO TUR.;C/ GRANDE Nº 32, 1º C;CHINCHON
VIVIENDA USO TUR.;AVDA. DE LA CONSTITUCION, Nº 85, PORTAL 2, 6º 7;COSLADA
VIVIENDA USO TUR.;C/ URUGUAY Nº 3 , 3º B;COSLADA
VIVIENDA USO TUR.;AVDA. CAÑADA Nº 89, ESC. IZDA. , 2º D;COSLADA
VIVIENDA USO TUR.;C/ DOCTOR MICHAVILA Nº 3, BAJO PTA. 1;COSLADA
VIVIENDA USO TUR.;C/ GUADARRAMA Nº 33;EL BOALO
VIVIENDA USO TUR.;C/ PEÑA LOPEZ Nº 1;EL BOALO
VIVIENDA USO TUR.;C/ AMAPOLAS, Nº 71 CHALET;EL ESCORIAL
VIVIENDA USO TUR.;C/ CUESTA, Nº 34;EL MOLAR
VIVIENDA USO TUR.;AVDA DE ESPAÑA, Nº 33 BAJO;EL MOLAR
VIVIENDA USO TUR.;C/ LOS PARAISOS, Nº 6, BAJO;FUENTE EL SAZ DE JARAMA
VIVIENDA USO TUR.;CRTA EL ESCORIAL M505 KM14.5 FINCA NAVALABAJOS;GALAPAGAR
VIVIENDA USO TUR.;C/ COLUNGA 22;HOYO DE MANZANARES
VIVIENDA USO TUR.;COLUNGA Nº 22;HOYO DE MANZANARES
VIVIENDA USO TUR.;AVDA. FUENLABRADA Nº 55, 1º;LEGANES
VIVIENDA USO TUR.;AV. DE FUENLABRADA, Nº 55, ESC. 1, 2º 1;LEGANES
VIVIENDA USO TUR.;C/ SAN JUSTINIANO Nº 1, ESC. 1, BAJO A;LEGANES
VIVIENDA USO TUR.;C/ SAN MATEO Nº 11, ESC. 1, BAJO PTA. 1;MADARCOS
VIVIENDA USO TUR.;C/ ANGEL Nº 3, ESC. 1, BAJO PTA. 1;MADARCOS
VIVIENDA USO TUR.;C/ REINA, Nº 23, ENTREPLANTA;MADRID
VIVIENDA USO TUR.;C/ SAN BERNARDO, Nº 13, 5º IZDA.;MADRID
VIVIENDA USO TUR.;C/ LAGASCA, Nº 53, 3º D;MADRID
VIVIENDA USO TUR.;C/ CLAUDIO COELLO, Nº 14, 4º C;MADRID
VIVIENDA USO TUR.;C/ PALMA, Nº 63, BAJO 2;MADRID
VIVIENDA USO TUR.;C/ CABEZAS, Nº 18, 1º ;MADRID
VIVIENDA USO TUR.;C/ VELARDE, Nº 5, BAJO 3;MADRID
VIVIENDA USO TUR.;C/ MANZANA, Nº 17, 1º I;MADRID
VIVIENDA USO TUR.;C/ MEJICO, Nº 14, 5º F;MADRID
VIVIENDA USO TUR.;C/ CRUZ, Nº 20, 2º A;MADRID
VIVIENDA USO TUR.;C/ BARBARA DE BRAGANZA, Nº 9, 4º IZQDA.;MADRID
VIVIENDA USO TUR.;C/ ESPERANZA, Nº 10, BAJO INF.;MADRID
VIVIENDA USO TUR.;C/ ENCOMIENDA, Nº 5, BAJO DCHA.;MADRID
VIVIENDA USO TUR.;C/ MESON DE PAREDES, Nº 90, 2º INT. IZQDA.;MADRID
VIVIENDA USO TUR.;C/ CACERES, Nº 7, BAJO 10;MADRID
VIVIENDA USO TUR.;C/ FERNANDO POO, Nº 50, 2º C;MADRID
VIVIENDA USO TUR.;C/ CERRO BERMEJO, Nº 6, 4º DCHA.;MADRID
VIVIENDA USO TUR.;C/ ITURBE, Nº 3, BAJO 2;MADRID
VIVIENDA USO TUR.;C/ MERCEDES FORMICA, Nº 1, BAJO 3;MADRID
VIVIENDA USO TUR.;C/ SANTA POLONIA, Nº 1, BAJO;MADRID
VIVIENDA USO TUR.;C/ CARNERO, Nº 5, BAJO E;MADRID
VIVIENDA USO TUR.;C/ OLIVAR, Nº 10, BAJO 2;MADRID
VIVIENDA USO TUR.;C/ LORETO Y CHICOTE, Nº 6, BAJO;MADRID
VIVIENDA USO TUR.;C/ PALENCIA, Nº 41, ESC. EXT., 2º IZQDA.;MADRID
VIVIENDA USO TUR.;PASEO DE LOS OLMOS, Nº 3, -1º 9;MADRID
VIVIENDA USO TUR.;C/ PEZ AUSTRAL, Nº 4, ESC. I, 5º B;MADRID
VIVIENDA USO TUR.;RONDA DE VALENCIA, Nº 14, 2º 1;MADRID
VIVIENDA USO TUR.;C/ COSTA DEL SOL, Nº 11, BAJO;MADRID
VIVIENDA USO TUR.;C/ PAVIA, Nº 2, BAJO 1;MADRID
VIVIENDA USO TUR.;C/ MAIQUEZ, Nº 20, BAJO A       ;MADRID
VIVIENDA USO TUR.;PLAZA PUERTA DEL SOL, Nº 5, 5º 2A;MADRID
VIVIENDA USO TUR.;C/ MELILLA, Nº 53, PORTAL B, LOCAL 1, BAJO A;MADRID
VIVIENDA USO TUR.;C/ MELILLA, Nº 53, PORTAL B, LOCAL 1, BAJO B;MADRID
VIVIENDA USO TUR.;C/ MELILLA, Nº 53, PORTAL B, LOCAL 1, BAJO C;MADRID
VIVIENDA USO TUR.;C/ PEZ AUSTRAL, Nº 4, ESC. I, 5º B;MADRID
VIVIENDA USO TUR.;AVDA. MONFORTE LEMOS, Nº 151, 3º 2;MADRID
VIVIENDA USO TUR.;C/ CONCEPCION JERONIMA, Nº 18, 3º 3;MADRID
VIVIENDA USO TUR.;C/ MARQUES DE SANTA ANA, Nº 5, 4º C;MADRID
VIVIENDA USO TUR.;C/ ALMIRANTE, Nº 22, 1º C;MADRID
VIVIENDA USO TUR.;C/ HUERTAS, Nº 55, 3º IZQDA.;MADRID
VIVIENDA USO TUR.;C/ MARQUES DE LA ENSENADA, Nº 16, 9º 907;MADRID
VIVIENDA USO TUR.;C/ NUÑEZ DE BALBOA, Nº 8, 4º DCHA.;MADRID
VIVIENDA USO TUR.;C/ PRINCESA, Nº 73, 7º A;MADRID
VIVIENDA USO TUR.;C/ DOCTOR SANTERO, Nº 4, SOTANO A;MADRID
VIVIENDA USO TUR.;C/ PONZANO, Nº 32, 4º 5;MADRID
VIVIENDA USO TUR.;C/ SIERPE, Nº 6, 2º DCHA.;MADRID
VIVIENDA USO TUR.;C/ MAUREGATO, Nº 11, BAJO;MADRID
VIVIENDA USO TUR.;C/ ELFO, Nº 39, 7º;MADRID
VIVIENDA USO TUR.;C/ DESENGAÑO, Nº 8, ESC. 1, 5º B;MADRID
VIVIENDA USO TUR.;C/ RIO SAN LORENZO, Nº 22, BAJO 1;MADRID
VIVIENDA USO TUR.;C/ ACADEMIA, Nº 8, 5º C IZDA.;MADRID
VIVIENDA USO TUR.;TRAVESIA TRUJILLOS, Nº 2, 2º D;MADRID
VIVIENDA USO TUR.;TRAVESIA TRUJILLOS, Nº 2, 2º E;MADRID
VIVIENDA USO TUR.;C/ FUENCARRAL, Nº 55, ESC. IZQDA. 5º CENTRO;MADRID
VIVIENDA USO TUR.;C/ JARDINES, Nº 8, BAJO;MADRID
VIVIENDA USO TUR.;C/ PALOMA, Nº 8, 1º 11;MADRID
VIVIENDA USO TUR.;C/ INFANTAS, Nº 19, 2º 4 IZQDA.;MADRID
VIVIENDA USO TUR.;C/ GENERAL PARDIÑAS, Nº 35, 4º DCHA ;MADRID
VIVIENDA USO TUR.;C/ ESPARTEROS, Nº 10, 4º B;MADRID
VIVIENDA USO TUR.;C/ MIGUEL MOYA, Nº 4, ESC. INT. 4º DCHA.;MADRID
VIVIENDA USO TUR.;C/ RAMIREZ TOME, Nº 29, 1º A;MADRID
VIVIENDA USO TUR.;C/ AUGUSTO FIGUEROA, Nº 17, 3º IZQDA. A;MADRID
VIVIENDA USO TUR.;C/ AUGUSTO FIGUEROA, Nº 17, 3º IZQDA. B;MADRID
VIVIENDA USO TUR.;C/ JUAN ALVAREZ MENDIZABAL, Nº 51, 1º D;MADRID
VIVIENDA USO TUR.;PASEO VIRGEN DEL PUERTO, Nº 47, ESC. DCHA., 3º C;MADRID
VIVIENDA USO TUR.;C/ DE LA PALOMA, Nº 10, PORTAL 10, BAJO 6;MADRID
VIVIENDA USO TUR.;C/ VIA LUSITANA, Nº 72, PB 6;MADRID
VIVIENDA USO TUR.;C/ CABESTREROS, Nº 14, ESC. INT. 3º IZQDA.;MADRID
VIVIENDA USO TUR.;C/ AMPARO, Nº 68, 1º 1;MADRID
VIVIENDA USO TUR.;C/ PUERTO DE MADERI, 6B, BAJO;MADRID
VIVIENDA USO TUR.;C/ JUAN DUQUE, Nº 8, 2º CENTRO;MADRID
VIVIENDA USO TUR.;C/ VILLAGARCIA, Nº 23, 5º B;MADRID
VIVIENDA USO TUR.;C/ MESON DE PAREDES, Nº 21, ESC. 2, 1º INT. DCHA.;MADRID
VIVIENDA USO TUR.;C/ CARNICER, Nº 19, 5º;MADRID
VIVIENDA USO TUR.;C/ SAN HERMENEGILDO, Nº 20, BAJO ACC;MADRID
VIVIENDA USO TUR.;C/ LA NAO, Nº 4, 3º;MADRID
VIVIENDA USO TUR.;C/ JULIAN GAYARRE, Nº 16, 2º D;MADRID
VIVIENDA USO TUR.;C/ MENORCA, Nº 9, 1º IZQDA.;MADRID
VIVIENDA USO TUR.;C/ ANTONIO DURAN TOVAR, Nº 1, BAJO B;MADRID
VIVIENDA USO TUR.;C/ FELIPE III, Nº 6, 3º IZQDA.;MADRID
VIVIENDA USO TUR.;C/ GRAVINA, Nº 21, BAJO A;MADRID
VIVIENDA USO TUR.;PLAZA DE LAVAPIES, Nº 6, ESC. INT. 5º D;MADRID
VIVIENDA USO TUR.;C/ LAGASCA, Nº 67, ESC. A, 2º 204;MADRID
VIVIENDA USO TUR.;C/ CAMPO REAL, Nº 20, 1º A;MADRID
VIVIENDA USO TUR.;C/ CAMPO REAL, Nº 20, 1º B;MADRID
VIVIENDA USO TUR.;C/ CAMPO REAL, Nº 20, 2º A;MADRID
VIVIENDA USO TUR.;C/ CAMPO REAL, Nº 20, 2º B;MADRID
VIVIENDA USO TUR.;C/ CARRETAS, Nº 33, ESC. IZQDA. 4CT C;MADRID
VIVIENDA USO TUR.;C/ JOSE CASTAN TOBEÑAS, Nº 1, 2º 9;MADRID
VIVIENDA USO TUR.;C/ DE LA SALUD, Nº 15, BAJO IZQDA.;MADRID
VIVIENDA USO TUR.;C/ GENERAL DIAZ PORLIER, Nº 85, 1º C;MADRID
VIVIENDA USO TUR.;C/ BAILEN, Nº 33, 1º DCHA. B;MADRID
VIVIENDA USO TUR.;C/ ARENAL, Nº 21, 1º DCHA.;MADRID
VIVIENDA USO TUR.;AVDA. MANOTERAS, Nº 30, BAJO 18;MADRID
VIVIENDA USO TUR.;C/ GENERAL ARRANDO, Nº 14, 4º C;MADRID
VIVIENDA USO TUR.;C/ INFANTAS, Nº 23, ESC. 1, 1º DCHA.;MADRID
VIVIENDA USO TUR.;C/ GRAN VIA, Nº 68, 3º B;MADRID
VIVIENDA USO TUR.;AVDA. MANOTERAS, Nº 8, ESC. 1, 1º K;MADRID
VIVIENDA USO TUR.;AVDA. BRUSELAS, Nº 70, BAJO A;MADRID
VIVIENDA USO TUR.;AVDA. BRUSELAS, Nº 70, BAJO B;MADRID
VIVIENDA USO TUR.;AVDA. BRUSELAS, Nº 70, BAJO C;MADRID
VIVIENDA USO TUR.;AVDA. BRUSELAS, Nº 70, BAJO D;MADRID
VIVIENDA USO TUR.;AVDA. BRUSELAS, Nº 72, BAJO A;MADRID
VIVIENDA USO TUR.;AVDA. BRUSELAS, Nº 72, BAJO B;MADRID
VIVIENDA USO TUR.;AVDA. BRUSELAS, Nº 72, BAJO C;MADRID
VIVIENDA USO TUR.;AVDA. BRUSELAS, Nº 72, BAJO D;MADRID
VIVIENDA USO TUR.;AVDA. BAVIERA, Nº 10, BAJO;MADRID
VIVIENDA USO TUR.;C/ MELENDEZ VALDES, Nº 13, 1º IZQDA.;MADRID
VIVIENDA USO TUR.;C/ ENCOMIENDA, Nº 18, 4º IZQDA.;MADRID
VIVIENDA USO TUR.;C/ JUAN DE URBIETA, Nº 30, 2º 1;MADRID
VIVIENDA USO TUR.;C/ LEÑEROS, Nº 30, ESC. EXT. BAJO IZDA.;MADRID
VIVIENDA USO TUR.;C/ LEÑEROS, Nº 30, ESC. INT. BAJO IZDA.;MADRID
VIVIENDA USO TUR.;C/ LEÑEROS, Nº 30, ESC. INT. BAJO DCHA.;MADRID
VIVIENDA USO TUR.;C/ LEÑEROS, Nº 30, ESC. INT. BAJO CTRO.;MADRID
VIVIENDA USO TUR.;C/ RODRIGO UHAGON, Nº 5, ESC. EXT. BAJO DCHA.;MADRID
VIVIENDA USO TUR.;C/ RODRIGO UHAGON, Nº 5, ESC. INT. BAJO DCHA.;MADRID
VIVIENDA USO TUR.;C/ RODRIGO UHAGON, Nº 5, ESC. INT. BAJO CTRO.;MADRID
VIVIENDA USO TUR.;C/ RODRIGO UHAGON, Nº 5, ESC. INT. BAJO IZDA.;MADRID
VIVIENDA USO TUR.;C/ RODRIGO UHAGON, Nº 5, ESC. EXT. BAJO IZDA.;MADRID
VIVIENDA USO TUR.;C/ FRANCISCO SANTOS, Nº 18, BAJO F;MADRID
VIVIENDA USO TUR.;C/ PALMA, Nº 22, ESC. 2, 2º 3;MADRID
VIVIENDA USO TUR.;C/ SAN VICENTE FERRER, Nº 25, BAJO 1;MADRID
VIVIENDA USO TUR.;C/ BARRILERO, Nº 17, BAJO B;MADRID
VIVIENDA USO TUR.;C/ BARRILERO, Nº 17, BAJO A;MADRID
VIVIENDA USO TUR.;C/ FUNDADORES, Nº 13, 4º C;MADRID
VIVIENDA USO TUR.;C/ ALONSO HEREDIA, Nº 13, 7º IZQUIERDA;MADRID
VIVIENDA USO TUR.;C/ DEL NORTE, Nº 5, 1º CENTRAL;MADRID
VIVIENDA USO TUR.;C/ GRAVINA, Nº 17, 3º CENTRO;MADRID
VIVIENDA USO TUR.;C/ HARO, Nº 25;MADRID
VIVIENDA USO TUR.;C/ TOLEDO, Nº 2, 4º 5;MADRID
VIVIENDA USO TUR.;C/ OSO, Nº 6, 4º 1;MADRID
VIVIENDA USO TUR.;C/ ARGANZUELA, Nº 6, BAJO 3;MADRID
VIVIENDA USO TUR.;C/ DOS HERMANAS, Nº 20, BAJO IZDA.;MADRID
VIVIENDA USO TUR.;C/ CASTELLO, Nº 62, 5º B;MADRID
VIVIENDA USO TUR.;C/ LAGO DE CONSTANZA, Nº 37, LOCAL IZQ;MADRID
VIVIENDA USO TUR.;C/ DOCTOR MARIANI, Nº 8, BAJO C;MADRID
VIVIENDA USO TUR.;C/ BRETON DE LOS HERREROS, Nº 37, BAJO IZQUIERDA;MADRID
VIVIENDA USO TUR.;C/ ARGANZUELA, Nº 6, 2º 3;MADRID
VIVIENDA USO TUR.;C/ DIAGONAL, Nº 11, 1º A, ESCALERA 5;MADRID
VIVIENDA USO TUR.;C/ ESPOZ Y MINA, Nº 5, 2º IZQUIERDA;MADRID
VIVIENDA USO TUR.;C/ CRUZ, Nº 20, 1º A;MADRID
VIVIENDA USO TUR.;C/ ECHEGARAY, Nº 10, 1º INTERIOR DERECHA;MADRID
VIVIENDA USO TUR.;C/ DOÑA MENCIA, Nº 11, BAJO D;MADRID
VIVIENDA USO TUR.;C/ DOÑA MENCIA, Nº 13, BAJO IZQUIERDA;MADRID
VIVIENDA USO TUR.;C/ GRAN VIA, Nº 6, 5º DERECHA;MADRID
VIVIENDA USO TUR.;C/ CADIZ, Nº 1, 3º;MADRID
VIVIENDA USO TUR.;C/ SILVA, Nº 12, 4º C;MADRID
VIVIENDA USO TUR.;C/ TRUJILLOS, Nº 7, 2º F;MADRID
VIVIENDA USO TUR.;PASEO DEL PRADO, Nº 46, 1º B;MADRID
VIVIENDA USO TUR.;C/ VILLANUEVA, Nº 2, ESCALERA 4, 4º C;MADRID
VIVIENDA USO TUR.;C/ AQUILINO DOMINGUEZ, Nº 15, BAJO 1;MADRID
VIVIENDA USO TUR.;C/ GENERAL PARDIÑAS, Nº 42, 1º EXTERIOR DERECHA;MADRID
VIVIENDA USO TUR.;C/ CRUZ, Nº 20, 2º B;MADRID
VIVIENDA USO TUR.;C/ CONCEPCION JERONIMA, Nº 22, 1º DERECHA;MADRID
VIVIENDA USO TUR.;C/ ALCALA, Nº 22, 4º DERECHA;MADRID
VIVIENDA USO TUR.;C/ ALCALA, Nº 22, 4º IZQUIERDA;MADRID
VIVIENDA USO TUR.;C/ ALCALA, Nº 22, 3º IZQUIERDA;MADRID
VIVIENDA USO TUR.;C/ ALCALA, Nº 22, 3º DERECHA;MADRID
VIVIENDA USO TUR.;C/ LEPANTO, Nº 6, 5º IZQUIERDA;MADRID
VIVIENDA USO TUR.;C/ LEPANTO, Nº 6, 4º CENTRO;MADRID
VIVIENDA USO TUR.;C/ LEPANTO, Nº 6, 5º CENTRO;MADRID
VIVIENDA USO TUR.;C/ LEPANTO, Nº 6, 4º IZQUIERDA;MADRID
VIVIENDA USO TUR.;C/ LEPANTO, Nº 6, 3º IZQUIERDA;MADRID
VIVIENDA USO TUR.;C/ LEPANTO, Nº 6, 2º IZQUIERDA;MADRID
VIVIENDA USO TUR.;C/ LEPANTO, Nº 6, 1º IZQUIERDA;MADRID
VIVIENDA USO TUR.;C/ LEPANTO, Nº 6, 4º DERECHA;MADRID
VIVIENDA USO TUR.;C/ VILLANUEVA, Nº 2, ESCALERA 4, 3º D;MADRID
VIVIENDA USO TUR.;C/ CRUZ, Nº 20, 3º B;MADRID
VIVIENDA USO TUR.;C/ LAVAPIES, Nº 53, 1º IZQUIERDA;MADRID
VIVIENDA USO TUR.;C/ GRAN VIA, Nº 68, 2º C;MADRID
VIVIENDA USO TUR.;C/ GUSTAVO FERNANDEZ BALBUENA, Nº 17, BAJO 3;MADRID
VIVIENDA USO TUR.;C/ MAR DE OMAN, Nº 14, 1º;MADRID
VIVIENDA USO TUR.;C/ CONDE DE LEMOS, Nº 4, 4º 4;MADRID
VIVIENDA USO TUR.;C/ DUQUE DE ALBA, Nº 15, 3º, ESCALERA DERECHA, PUERTA 3;MADRID
VIVIENDA USO TUR.;C/ POSTAS, Nº 15, 1º;MADRID
VIVIENDA USO TUR.;C/ POSTAS, Nº 15, 2º;MADRID
VIVIENDA USO TUR.;C/ POSTAS, Nº 15, 3º;MADRID
VIVIENDA USO TUR.;C/ POSTAS, Nº 15, 4º;MADRID
VIVIENDA USO TUR.;C/ CARDENAL CISNEROS, Nº 57, BAJO;MADRID
VIVIENDA USO TUR.;C/ CONCEPCION JERONIMA, Nº 18, 3º 4;MADRID
VIVIENDA USO TUR.;C/ SANTA POLONIA, Nº 3, BAJO;MADRID
VIVIENDA USO TUR.;C/ ALAMEDA, Nº 24, BAJO;MADRID
VIVIENDA USO TUR.;C/ CARDENAL CISNEROS, Nº 57, 4º A;MADRID
VIVIENDA USO TUR.;C/ MENENDEZ PELAYO, Nº 67, 2º 11 B;MADRID
VIVIENDA USO TUR.;C/ PROFESOR WAKSMAN 14, 2º IZD. ESC. 1 IZD;MADRID
VIVIENDA USO TUR.;C/ AVE MARIA 42, 5º D;MADRID
VIVIENDA USO TUR.;C/ AVE MARIA 42, 5º A;MADRID
VIVIENDA USO TUR.;PLAZA DEL ANGEL, Nº 13, 5º YB;MADRID
VIVIENDA USO TUR.;C/ HUERTAS, Nº 42, 2º DCHA.;MADRID
VIVIENDA USO TUR.;C/ GRANADA, Nº 42, BAJO 8;MADRID
VIVIENDA USO TUR.;C/ BORDADORES 11, 1º - INT - DCHA;MADRID
VIVIENDA USO TUR.;C/ NARVAEZ 58, 1º DCHA 2;MADRID
VIVIENDA USO TUR.;C/ NARVAEZ 58, 1º DCHA 1;MADRID
VIVIENDA USO TUR.;C/ LA PALMA 14, 4º - INT , 4º 6;MADRID
VIVIENDA USO TUR.;C/ GRANADA, Nº 42, 1º 9;MADRID
VIVIENDA USO TUR.;C/ DEL NORTE, Nº 5, 3º EXT. IZD;MADRID
VIVIENDA USO TUR.;C/ ALMADEN 8, 1º - 8;MADRID
VIVIENDA USO TUR.;C/ LAGASCA 75, 9º IZDA;MADRID
VIVIENDA USO TUR.;C/ CABESTREROS 15, 1º - DCHA;MADRID
VIVIENDA USO TUR.;C/ ACUARIO 11 - D, 2º A;MADRID
VIVIENDA USO TUR.;C/ ACUARIO 11 - D, 1º A;MADRID
VIVIENDA USO TUR.;C/ PIAMONTE, Nº 5, 1º;MADRID
VIVIENDA USO TUR.;C/ SAN MARCOS, Nº 42, 1º A;MADRID
VIVIENDA USO TUR.;C/ PINAR DEL REY, Nº 49, ESC. A, BAJO;MADRID
VIVIENDA USO TUR.;C/ AVE MARIA 5 1º IZQ;MADRID
VIVIENDA USO TUR.;C/ AUGUSTO FIGUEROA 4, 3º F;MADRID
VIVIENDA USO TUR.;C/ LAVAPIES 15 1º C;MADRID
VIVIENDA USO TUR.;C/ TETUAN 26 4º IZQ;MADRID
VIVIENDA USO TUR.;C/ MAGDALENA, Nº 38, 1º C;MADRID
VIVIENDA USO TUR.;C/ MAGDALENA 38 4º D;MADRID
VIVIENDA USO TUR.;C/ MURCIA 20 ESC 1 2º J;MADRID
VIVIENDA USO TUR.;C/ PIAMONTE 5 3º A;MADRID
VIVIENDA USO TUR.;C/ PIAMONTE 5 3º B;MADRID
VIVIENDA USO TUR.;C/ PIAMONTE 5 4º ATIC;MADRID
VIVIENDA USO TUR.;C/ PIAMONTE 5 2º A;MADRID
VIVIENDA USO TUR.;C/ PIAMONTE 5 2º B;MADRID
VIVIENDA USO TUR.;C/ TRAFALGAR 23, 4º IZD;MADRID
VIVIENDA USO TUR.;C/ PADILLA 69, 1º 4;MADRID
VIVIENDA USO TUR.;C/ FRESA, Nº 6, 4º;MADRID
VIVIENDA USO TUR.;C/ CAVA BAJA 23, 3º IZDA;MADRID
VIVIENDA USO TUR.;C/ MOLINA 30, BAJO C;MADRID
VIVIENDA USO TUR.;C/ SAN PEDRO, Nº 5, 1º C;MADRID
VIVIENDA USO TUR.;C/ BAILEN 20, 1º IZDA;MADRID
VIVIENDA USO TUR.;C/ MINAS 22 1º DRCHA;MADRID
VIVIENDA USO TUR.;C/ ARENAL 26 2º DR B;MADRID
VIVIENDA USO TUR.;C/ RONDA DE SEGOVIA 31 4º 1 C;MADRID
VIVIENDA USO TUR.;C/ GOMEZ DE AVELLANEDA 48 2º A;MADRID
VIVIENDA USO TUR.;C/ NICOLAS GODOY 23 8º G;MADRID
VIVIENDA USO TUR.;C/ MONTERA 39 3º C ESC 1;MADRID
VIVIENDA USO TUR.;C/ FARMACIA 6 2º 2;MADRID
VIVIENDA USO TUR.;C/ EMBAJADORES 60 5º EXT IZQ;MADRID
VIVIENDA USO TUR.;C/ GRAVINA 15 4º 2 ESC I;MADRID
VIVIENDA USO TUR.;C/ MAYOR 51 1º A;MADRID
VIVIENDA USO TUR.;C/ SOTOMAYOR, Nº 4, ESC. 1, 2º A;MADRID
VIVIENDA USO TUR.;C/ JOSE ORTEGA Y GASSET, Nº 52, ESC. EXT. 8º IZDA;MADRID
VIVIENDA USO TUR.;C/ FERROCARRIL 25 5º 2;MADRID
VIVIENDA USO TUR.;C/ CORREDERA BAJA DE SAN PABLO, Nº 25, 2º D;MADRID
VIVIENDA USO TUR.;C/ ESCALINATA 9, 4º - 5;MADRID
VIVIENDA USO TUR.;C/ TOLEDO 25, 4º - DRH;MADRID
VIVIENDA USO TUR.;C/ BELFAST, Nº 13, PORTAL 4, 3º L;MADRID
VIVIENDA USO TUR.;PLAZA SAN JUAN DE LA CRUZ 7 4º 5;MADRID
VIVIENDA USO TUR.;C/ LAGASCA 10, 2º;MADRID
VIVIENDA USO TUR.;C/ SANTA BRIGIDA 17, BAJO B;MADRID
VIVIENDA USO TUR.;C/ PALMA 34 1º G;MADRID
VIVIENDA USO TUR.;C/ CASTILLO, Nº 14, ESC. DCHA. BAJO DCHA.;MADRID
VIVIENDA USO TUR.;C/ MARCELINA 15;MADRID
VIVIENDA USO TUR.;C/ MONSERRAT 32, 2º -IZDA;MADRID
VIVIENDA USO TUR.;C/ ALEJANDRO GONZALEZ 7, 2º - 3;MADRID
VIVIENDA USO TUR.;C/ SAGUNTO 14, BAJO IZD;MADRID
VIVIENDA USO TUR.;C/ ZARAGOZA 11, 3º IZDA;MADRID
VIVIENDA USO TUR.;C/ LORETO Y CHICOTE, Nº 13, ESC. INT., 4º IZDA.;MADRID
VIVIENDA USO TUR.;C/ MOLINA 28 BAJO C;MADRID
VIVIENDA USO TUR.;C/ MIRA EL SOL 18 BAJO 1;MADRID
VIVIENDA USO TUR.;PASEO IMPERIAL 35 A 4º K;MADRID
VIVIENDA USO TUR.;C/ DOCTOR MATA 1 1º C;MADRID
VIVIENDA USO TUR.;PLAZA EMPERADOR CARLOS V 9 3º 6;MADRID
VIVIENDA USO TUR.;C/ OLIVAR 26 2º B;MADRID
VIVIENDA USO TUR.;C/ BERNARDO LOPEZ GARCIA 5 4º IZDA;MADRID
VIVIENDA USO TUR.;C/ LINNEO 29 7º B;MADRID
VIVIENDA USO TUR.;C/ VICENTE CAMARON 46 BAJO INT 2;MADRID
VIVIENDA USO TUR.;C/ VICENTE CAMARON 46 BAJO INT 1;MADRID
VIVIENDA USO TUR.;C/ VICENTE CAMARON 46 BAJO INT 3;MADRID
VIVIENDA USO TUR.;C/ VICENTE CAMARON 46 BAJO EXT 3;MADRID
VIVIENDA USO TUR.;C/ ESPOZ Y MINA 2, 2º DCHA.;MADRID
VIVIENDA USO TUR.;C/ PINAR, Nº 22, 2º;MADRID
VIVIENDA USO TUR.;C/ MUELA DE SAN JUAN 10, BAJO - B;MADRID
VIVIENDA USO TUR.;C/ RUDA 15, 1º B - EXT;MADRID
VIVIENDA USO TUR.;C/ SEGOVIA Nº 57, PATIO 3;MADRID
VIVIENDA USO TUR.;C/ ARGANZUELA 16, 1º - 2;MADRID
VIVIENDA USO TUR.;C/ FLORENCIO LLORENTE 23, 5º - A;MADRID
VIVIENDA USO TUR.;C/ GUSTAVO FERNANDEZ BALBUENA, Nº 32,  1º;MADRID
VIVIENDA USO TUR.;C/ GUSTAVO FERNANDEZ BALBUENA, Nº 32,  2º;MADRID
VIVIENDA USO TUR.;C/ GUSTAVO FERNANDEZ BALBUENA, Nº 32,  3º;MADRID
VIVIENDA USO TUR.;C/ SAN LORENZO 22 3º B;MADRID
VIVIENDA USO TUR.;C/ ALONSO CANO 33 6º B;MADRID
VIVIENDA USO TUR.;C/ PICOS DE EUROPA 21, BAJO DCHA.;MADRID
VIVIENDA USO TUR.;C/ NUÑEZ DE BALBOA, Nº 110, 2º - INT - D;MADRID
VIVIENDA USO TUR.;C/ JUAN DE HERRERA 3, 2º - B;MADRID
VIVIENDA USO TUR.;C/ DULCE CHACON, Nº 23, , 12º - B;MADRID
VIVIENDA USO TUR.;C/ ALBURQUEQUE 3 2º A;MADRID
VIVIENDA USO TUR.;C/ PRINCIPE 4, 1º - 1;MADRID
VIVIENDA USO TUR.;C/ SAN LAMBERTO 15, -1 PTA 2;MADRID
VIVIENDA USO TUR.;C/ SAMBARA, Nº 9, 2º IZDA.;MADRID
VIVIENDA USO TUR.;C/ ROBLEDILLO 12, ATICO B;MADRID
VIVIENDA USO TUR.;C/ HERMENEGILDO BIELSA 5, 4º - B;MADRID
VIVIENDA USO TUR.;C/ MINISTRILES 5, 1º -EXT. DR;MADRID
VIVIENDA USO TUR.;C/ LAVAPIES 42, BAJO - A;MADRID
VIVIENDA USO TUR.;C/ BORDADORES 6, 1º - DCHA;MADRID
VIVIENDA USO TUR.;C/ MENDEZ ALVARO 39, PORTAL A, 13º -E;MADRID
VIVIENDA USO TUR.;C/ HORTALEZA, Nº 61, 4º K;MADRID
VIVIENDA USO TUR.;C/ HORTALEZA, Nº 61, 1º K;MADRID
VIVIENDA USO TUR.;C/ HORTALEZA, Nº 61, 4º L;MADRID
VIVIENDA USO TUR.;C/ CHUECA 2, 3º -;MADRID
VIVIENDA USO TUR.;C/ MAGDALENA 22, 2º IZDA;MADRID
VIVIENDA USO TUR.;C/ SANTA ENGRACIA 49, 3º - 8;MADRID
VIVIENDA USO TUR.;C/ PRINCESA, Nº 3 DUPLICADO, 10º 11;MADRID
VIVIENDA USO TUR.;C/ TESORO, Nº 21, 2º 2;MADRID
VIVIENDA USO TUR.;C/ DON RAMON DE LA CRUZ, Nº 50, 7º DCHA.;MADRID
VIVIENDA USO TUR.;C/ GOBERNADOR Nº 22, 4º - A-2;MADRID
VIVIENDA USO TUR.;CUESTA DE SANTO DOMINGO 20, 4º ;MADRID
VIVIENDA USO TUR.;C/ CAVA BAJA, Nº 39, 1º D;MADRID
VIVIENDA USO TUR.;C/ PONZANO, Nº 26, 2º INT. CENTRO;MADRID
VIVIENDA USO TUR.;C/ PIZARRO 19, 2º - DCHA;MADRID
VIVIENDA USO TUR.;C/ PIRINEOS, Nº 21, PUERTA 4;MADRID
VIVIENDA USO TUR.;C/ SAN ANDRES, Nº 22, BAJO 8;MADRID
VIVIENDA USO TUR.;C/ AMPARO, Nº 68, BAJO;MADRID
VIVIENDA USO TUR.;C/ PRINCESA, Nº 3D, ESC. 4, 5º 16;MADRID
VIVIENDA USO TUR.;C/ VENERAS, Nº 5, 4º;MADRID
VIVIENDA USO TUR.;C/ SAN ANDRES, Nº 22, BAJO 8;MADRID
VIVIENDA USO TUR.;PLAZA DE LA CRUZ VERDE, Nº 1, ESC. DCHA., 2º B;MADRID
VIVIENDA USO TUR.;C/ SANTO DOMINGO, Nº 3, ESC. IZDA., 1º B;MADRID
VIVIENDA USO TUR.;C/ AGUSTIN DURAN, Nº 33, 1º A;MADRID
VIVIENDA USO TUR.;C/ AGUSTIN DURAN, Nº 33, 1º B;MADRID
VIVIENDA USO TUR.;C/ CEDACEROS, Nº 3, 3º CENTRO;MADRID
VIVIENDA USO TUR.;C/ SALITRE, Nº 28, BAJO 4;MADRID
VIVIENDA USO TUR.;C/ CONDE DE ARANDA, Nº 4, 2º;MADRID
VIVIENDA USO TUR.;C/ DAGANZO, Nº 3, BAJO 3;MADRID
VIVIENDA USO TUR.;C/ CALVARIO, Nº 19, 2º DCHA.;MADRID
VIVIENDA USO TUR.;C/ VILLANUEVA, Nº 2, ESC. 4, 6º A;MADRID
VIVIENDA USO TUR.;C/ ALCALA, Nº 213, ESC. 2, 1º B;MADRID
VIVIENDA USO TUR.;C/ ABELIAS, Nº 12, BAJO;MADRID
VIVIENDA USO TUR.;AVDA. ARCES, Nº 7, PORTAL G, 1º A;MADRID
VIVIENDA USO TUR.;AVDA. ARCES, Nº 7, PORTAL G, 4º A;MADRID
VIVIENDA USO TUR.;C/ OÑA, Nº 5, BAJO 2;MADRID
VIVIENDA USO TUR.;C/ CONDE DE SERRALLO, Nº 1, PORTAL 1, 1º 8;MADRID
VIVIENDA USO TUR.;C/ VILLANUEVA, Nº 2, ESC. 4, 6º D;MADRID
VIVIENDA USO TUR.;C/ RAFAEL CALVO, Nº 31, 4º 13;MADRID
VIVIENDA USO TUR.;PLAZA SALESAS, Nº 8, 3º IZDA.;MADRID
VIVIENDA USO TUR.;C/ CONDE DE ARANDA, Nº 4, 3º;MADRID
VIVIENDA USO TUR.;C/ BORDADORES, Nº 4, 1º IZQDA.;MADRID
VIVIENDA USO TUR.;C/ SAN ANDRES, Nº 38, 3º A;MADRID
VIVIENDA USO TUR.;C/ ALCALA, Nº 22, 5º IZDA.;MADRID
VIVIENDA USO TUR.;C/ SIRIO, Nº 50, 10º A;MADRID
VIVIENDA USO TUR.;C/ JULIAN BESTEIRO, Nº 35, 6º 9;MADRID
VIVIENDA USO TUR.;C/ SAN ROQUE, Nº 16, 1º D;MADRID
VIVIENDA USO TUR.;C/ BLASCO DE GARAY, Nº 29, 2º 3;MADRID
VIVIENDA USO TUR.;C/ MAYOR, Nº 21, ESC INT. 4º IZDA.;MADRID
VIVIENDA USO TUR.;C/ GRAVINA, Nº 5, 1º C;MADRID
VIVIENDA USO TUR.;C/ RONDA DE ATOCHA, Nº 13, 2º IZDA.;MADRID
VIVIENDA USO TUR.;C/ VALVERDE, Nº 37, ESC. 1, 1º 15;MADRID
VIVIENDA USO TUR.;C/ SAN BERNARDO, Nº 84, BAJO;MADRID
VIVIENDA USO TUR.;C/ MUÑOZ TORRERO, Nº 4, 1º C;MADRID
VIVIENDA USO TUR.;C/ TENERIFE, Nº 6, 4º 4;MADRID
VIVIENDA USO TUR.;C/ PRINCESA, Nº 3D, ESC. 4, 17º 25;MADRID
VIVIENDA USO TUR.;C/ JARILLA, Nº 7, 2º B;MADRID
VIVIENDA USO TUR.;C/  INDALECIO FERNANDEZ, Nº 42, 4º C;MADRID
VIVIENDA USO TUR.;AVDA. LOS PRUNOS, Nº 4;MADRID
VIVIENDA USO TUR.;AVDA. LOS PRUNOS, Nº 22;MADRID
VIVIENDA USO TUR.;AVDA. LOS PRUNOS, Nº 5-7, PORTAL G, 5º B;MADRID
VIVIENDA USO TUR.;C/ VELARDE, Nº 13, 2º;MADRID
VIVIENDA USO TUR.;C/ NOVICIADO, Nº 8, 2º;MADRID
VIVIENDA USO TUR.;C/ MOTAL DEL CUERVO, Nº 76, 8º 10;MADRID
VIVIENDA USO TUR.;PLAZA GENERAL VARA DEL REY, Nº 14, BAJO DCHA.;MADRID
VIVIENDA USO TUR.;C/ ALEJANDRO VILLEGAS, Nº 32;MADRID
VIVIENDA USO TUR.;C/ CAÑAVERAL, Nº 8, 1º IZDA.;MADRID
VIVIENDA USO TUR.;C/ HORTALEZA, Nº 4, ESC. IZDA. 2º A;MADRID
VIVIENDA USO TUR.;C/ CARRERA DE SAN JERONIMO, Nº 3, 1º DR2;MADRID
VIVIENDA USO TUR.;C/ LOPEZ SILVA, Nº 7, 1º C;MADRID
VIVIENDA USO TUR.;C/ TRIBULETE, Nº 8, 3º DCHA.;MADRID
VIVIENDA USO TUR.;AVDA. CIUDAD DE BARCELONA, Nº 51, 5º YB;MADRID
VIVIENDA USO TUR.;C/ POSTAS, Nº 26, 4º DCHA.;MADRID
VIVIENDA USO TUR.;C/ DON RAMON DE LA CRUZ, Nº 46, 3º D;MADRID
VIVIENDA USO TUR.;C/ SAN MATEO, Nº 30, 1º E;MADRID
VIVIENDA USO TUR.;C/ PADILLA, Nº 69, 1º 4;MADRID
VIVIENDA USO TUR.;C/ AYALA, Nº 81, ESC. INT. BAJO 11;MADRID
VIVIENDA USO TUR.;C/ BAILEN, Nº 20, 1º IZDA.;MADRID
VIVIENDA USO TUR.;C/ FRESA, Nº 3;MADRID
VIVIENDA USO TUR.;C/ FOMENTO, Nº 3, 2º A;MADRID
VIVIENDA USO TUR.;C/ VARGAS, Nº 14, BAJO IZDA.;MADRID
VIVIENDA USO TUR.;C/ CONDE DE TORRALBA, Nº 14, 1º D;MADRID
VIVIENDA USO TUR.;C/ MINISTRILES, Nº 11, 1º C;MADRID
VIVIENDA USO TUR.;C/ MINISTRILES, Nº 11, 2º B;MADRID
VIVIENDA USO TUR.;C/ SILVA, Nº 17, 4º IZDA.;MADRID
VIVIENDA USO TUR.;C/ SILVA, Nº 17, 4º DCHA.;MADRID
VIVIENDA USO TUR.;C/ ESTUDIOS, Nº 3, 5º 1 ;MADRID
VIVIENDA USO TUR.;PASEO DE LA CASTELLANA, Nº 284, 3º D;MADRID
VIVIENDA USO TUR.;C/ FRANCISCA CALONGE, Nº 11, ESC. IZDA. BAJO 1;MADRID
VIVIENDA USO TUR.;C/ SANTA ANA, Nº 14, BAJO C;MADRID
VIVIENDA USO TUR.;C/ CORREOS, Nº 2, 3º BC;MADRID
VIVIENDA USO TUR.;C/ CORREOS, Nº 2, 3º D;MADRID
VIVIENDA USO TUR.;C/ GRAVINA, Nº 8, 1º;MADRID
VIVIENDA USO TUR.;C/ PONZANO, Nº 38, ESC. INT., 2º IZDA.;MADRID
VIVIENDA USO TUR.;C/ FERNANDEZ DE LOS RIOS, Nº 50, 4º IZDA.;MADRID
VIVIENDA USO TUR.;C/ SAN LEOPOLDO, Nº 50, BAJO 1;MADRID
VIVIENDA USO TUR.;C/ CONSTANCIA, Nº 36, BAJO IZDA.;MADRID
VIVIENDA USO TUR.;C/ ARAGON, Nº 8, 1º 1;MADRID
VIVIENDA USO TUR.;C/ SAN MARTIN DE PORRES, Nº 14, BAJO 3 DCHA.;MADRID
VIVIENDA USO TUR.;C/ TOLEDO, Nº 87, 1º E;MADRID
VIVIENDA USO TUR.;C/ COLOMBIA, Nº 14, 1º D;MADRID
VIVIENDA USO TUR.;C/ BARBIERI, Nº 10, ESC. IZDA. 3º ULT.;MADRID
VIVIENDA USO TUR.;C/ MAURICIO LEGENDRE, Nº 15, ESC. DCHA., 8º H;MADRID
VIVIENDA USO TUR.;C/ ESPIRITU SANTO, Nº 37, ESC. 1, BAJO 1;MADRID
VIVIENDA USO TUR.;C/ VIRGEN DE LOURDES, Nº 34, 10º 4;MADRID
VIVIENDA USO TUR.;C/ SANTISIMA TRINIDAD, Nº 21, 3º IA;MADRID
VIVIENDA USO TUR.;C/ LA CRUZ, Nº 27, 4º DCHA.;MADRID
VIVIENDA USO TUR.;C/ DOCTOR CORTEZO, Nº 12, ESC. INT. 3º 3;MADRID
VIVIENDA USO TUR.;C/ SANTA ENGRACIA, Nº 88, 4º C;MADRID
VIVIENDA USO TUR.;C/ REINA, Nº 23, 6º A;MADRID
VIVIENDA USO TUR.;C/ PRIMAVERA, Nº 9, ESC. INT,. 4º IZDA.;MADRID
VIVIENDA USO TUR.;C/ FERNANDEZ DE LOS RIOS, Nº 47, ESC. INT. DCHA., BAJO D;MADRID
VIVIENDA USO TUR.;C/ PRETIL DE LOS CONSEJOS, Nº 11, ESC. IZDA. 3º B;MADRID
VIVIENDA USO TUR.;C/ VELARDE, 12-1º IZDA;MADRID
VIVIENDA USO TUR.;C/ VENTURA DE LA VEGA, Nº 12, BAJO 3;MADRID
VIVIENDA USO TUR.;C/ VILLA DE LA ROTA, Nº 2, PORTAL 5, 2º D;MADRID
VIVIENDA USO TUR.;C/ SEGOVIA, Nº 51, 3º 1;MADRID
VIVIENDA USO TUR.;C/ PALOMA, Nº 7, 3º C;MADRID
VIVIENDA USO TUR.;C/ PALOMA, Nº 7, 4º B;MADRID
VIVIENDA USO TUR.;C/ PALOMA, Nº 7, 4º C;MADRID
VIVIENDA USO TUR.;C/ PALOMA, Nº 7, 1º D;MADRID
VIVIENDA USO TUR.;C/ PALOMA, Nº 7, 2º A;MADRID
VIVIENDA USO TUR.;C/ PALOMA, Nº 7, 2º B;MADRID
VIVIENDA USO TUR.;C/ PALOMA, Nº 7, 2º C;MADRID
VIVIENDA USO TUR.;C/ PALOMA, Nº 7, 3º A;MADRID
VIVIENDA USO TUR.;C/ PALOMA, Nº 7, 3º B;MADRID
VIVIENDA USO TUR.;C/ PALOMA, Nº 7, 1º C;MADRID
VIVIENDA USO TUR.;C/ PALOMA, Nº 7, 1º A;MADRID
VIVIENDA USO TUR.;C/ GALDO, Nº 1, 2º;MADRID
VIVIENDA USO TUR.;C/ VELARDE, Nº 12, 1º IZDA.;MADRID
VIVIENDA USO TUR.;C/ RAMON CALABUIG, Nº 62, BAJO C;MADRID
VIVIENDA USO TUR.;C/ FUENCARRAL, Nº 88, 5º IZDA.INT.;MADRID
VIVIENDA USO TUR.;C/ SAN BERNARDO, Nº 42, 2º C;MADRID
VIVIENDA USO TUR.;C/ SERRANO ANGUITA, Nº 7,3º DCHA.;MADRID
VIVIENDA USO TUR.;C/ LAGASCA, Nº 132, 1º DCHA.;MADRID
VIVIENDA USO TUR.;C/ ALDEA DELFRESNO, Nº 17, BAJO A;MADRID
VIVIENDA USO TUR.;C/ CASTO PLASENCIA, Nº 11, BAJO B;MADRID
VIVIENDA USO TUR.;C/ BARBIERI, Nº 3, 4º 1;MADRID
VIVIENDA USO TUR.;C/ CLAUDIO COELLO, Nº 81, 4º C INT.;MADRID
VIVIENDA USO TUR.;C/ SOR MARIA DE AGREDA, Nº 14, 3º B;MADRID
VIVIENDA USO TUR.;C/ DIAGONAL, Nº 11, ESC. 5, 2º A    ;MADRID
VIVIENDA USO TUR.;C/ ALEGRIA DE ORIA, Nº 5, BAJO A;MADRID
VIVIENDA USO TUR.;C/ ANDRES BORREGO, Nº 17, BAJO 1;MADRID
VIVIENDA USO TUR.;C/ CORREDERA BAJA DE SAN PABLO, Nº 21, 2º D;MADRID
VIVIENDA USO TUR.;C/ FRANCISCO NAVACERRADA, Nº 63, BAJO A;MADRID
VIVIENDA USO TUR.;C/ FRANCISCO NAVACERRADA, Nº 63, BAJO B;MADRID
VIVIENDA USO TUR.;C/ FRANCISCO NAVACERRADA, Nº 63, BAJO C;MADRID
VIVIENDA USO TUR.;C/ FRANCISCO NAVACERRADA, Nº 63, 1º B;MADRID
VIVIENDA USO TUR.;C/ FRANCISCO NAVACERRADA, Nº 63, 1º D;MADRID
VIVIENDA USO TUR.;C/ FRANCISCO NAVACERRADA, Nº 63, 2º B;MADRID
VIVIENDA USO TUR.;C/ FRANCISCO NAVACERRADA, Nº 63, 2º C;MADRID
VIVIENDA USO TUR.;C/ FRANCISCO NAVACERRADA, Nº 63, 3º A;MADRID
VIVIENDA USO TUR.;C/ FRANCISCO NAVACERRADA, Nº 63, 3º B;MADRID
VIVIENDA USO TUR.;C/ FRANCISCO NAVACERRADA, Nº 63, 3º D;MADRID
VIVIENDA USO TUR.;C/ FRANCISCO NAVACERRADA, Nº 63, ÁTICO A;MADRID
VIVIENDA USO TUR.;C/ FRANCISCO NAVACERRADA, Nº 63, ÁTICO B;MADRID
VIVIENDA USO TUR.;C/ LEGANITOS, Nº 35, 1º A INT.;MADRID
VIVIENDA USO TUR.;PASEO INFANTA ISABEL, Nº 15, ESC. EXT., 7º IZDA.;MADRID
VIVIENDA USO TUR.;C/ AVE MARIA, Nº 22, ESC. INT., 4º 4;MADRID
VIVIENDA USO TUR.;C/ MESON DE PAREDES, Nº 47, ESC. IZDA. 4º;MADRID
VIVIENDA USO TUR.;C/ MARTIN DE LOS HEROS, Nº 31, 6º 1;MADRID
VIVIENDA USO TUR.;C/ ESCALINATA, Nº 10, 1º;MADRID
VIVIENDA USO TUR.;C/ BAILEN, Nº 47, BAJO IZDA.;MADRID
VIVIENDA USO TUR.;C/ JUAN DE OLIAS, Nº 35, 2º D;MADRID
VIVIENDA USO TUR.;C/ CARTAGENA, Nº 110, ESC. INT. 2º 2;MADRID
VIVIENDA USO TUR.;C/ MAURICIO LEGENDRE, Nº 16, 6º 634;MADRID
VIVIENDA USO TUR.;C/ DIAGONAL, Nº 11, ESC. 5, 2º B  ;MADRID
VIVIENDA USO TUR.;C/ BALSAMINAS, Nº 1 BAJO;MADRID
VIVIENDA USO TUR.;C/ SEGOVIA, Nº 47, 5º B;MADRID
VIVIENDA USO TUR.;C/ VIRGEN DE LOURDES, Nº 4, 3º 3;MADRID
VIVIENDA USO TUR.;C/ ATOCHA, Nº 114, ESC. INT. 1º IZDA.;MADRID
VIVIENDA USO TUR.;C/ CARDENAL CISNEROS, Nº 57, BAJO DCHA.;MADRID
VIVIENDA USO TUR.;C/ TRAVESIA DE LA COMADRES, Nº 6, BAJO DCHA.;MADRID
VIVIENDA USO TUR.;C/ DAGANZO, Nº 15, 1º DCHA.;MADRID
VIVIENDA USO TUR.;GLORIETA PUERTA DE TOLEDO, Nº 3, 1º;MADRID
VIVIENDA USO TUR.;C/ CERRO BERMEJO, Nº 4, ESC. 1, 3º CD;MADRID
VIVIENDA USO TUR.;C/ SAN ISIDRO LABRADOR, Nº 6, 4º YD;MADRID
VIVIENDA USO TUR.;RONDA SEGOVIA, Nº 35, ESC. EXT., 4º IZDA.;MADRID
VIVIENDA USO TUR.;AVDA. REINA VICTORIA, Nº 23, 4º C;MADRID
VIVIENDA USO TUR.;C/ PUENTELARRA, Nº 4, ESC. I, 1º D;MADRID
VIVIENDA USO TUR.;C/ HERMOSILLA, Nº 103, ESC. INT. 5º IZDA.;MADRID
VIVIENDA USO TUR.;C/ RAIMUNDO FERNANDEZ VILLAVERDE, Nº 15, 3º D;MADRID
VIVIENDA USO TUR.;C/ JORGE JUAN, Nº 88, 1º IZDA.;MADRID
VIVIENDA USO TUR.;PASEO DE SANTA MARIA DE LA CABEZA, Nº 58, 1º B;MADRID
VIVIENDA USO TUR.;C/ BARBIERI, Nº 3, ESC.IZDA. BAJO 1;MADRID
VIVIENDA USO TUR.;C/ PAULA DE LA VEGA, Nº 17, 3º B;MADRID
VIVIENDA USO TUR.;C/ TENIENTE MUÑOZ DÍAZ Nº 7, BAJO DCHA.;MADRID
VIVIENDA USO TUR.;C/ MIGUEL YUSTE, Nº 29, PORTAL A, 1º P13;MADRID
VIVIENDA USO TUR.;C/ MIGUEL YUSTE, Nº 29, PORTAL A, 1º P14;MADRID
VIVIENDA USO TUR.;C/ MIGUEL YUSTE, Nº 29, PORTAL A, 1º P15;MADRID
VIVIENDA USO TUR.;C/ MIGUEL YUSTE, Nº 29, PORTAL A, 1º P16;MADRID
VIVIENDA USO TUR.;C/ MIGUEL YUSTE, Nº 29, PORTAL B, 1º P29;MADRID
VIVIENDA USO TUR.;C/ MIGUEL YUSTE, Nº 29, PORTAL B, 1º P30;MADRID
VIVIENDA USO TUR.;C/ MIGUEL YUSTE, Nº 29, PORTAL B, 1º P31;MADRID
VIVIENDA USO TUR.;C/ MIGUEL YUSTE, Nº 29, PORTAL B, 1º P35;MADRID
VIVIENDA USO TUR.;PLAZA ARTEIJO, Nº 14, 9º 4;MADRID
VIVIENDA USO TUR.;C/ AUGUSTO FIGUEROA, Nº 4, 3º F;MADRID
VIVIENDA USO TUR.;C/ TENIENTE CORONEL NOREÑA, Nº 34, 1º A;MADRID
VIVIENDA USO TUR.;C/ FRANCISCA MORENO, Nº 6, BAJO C;MADRID
VIVIENDA USO TUR.;C/ MIGUEL YUSTE, Nº 29, PORTAL A, 1º P06;MADRID
VIVIENDA USO TUR.;C/ MIGUEL YUSTE, Nº 29, PORTAL A, 1º P07;MADRID
VIVIENDA USO TUR.;C/ MIGUEL YUSTE, Nº 29, PORTAL B, 1º P20;MADRID
VIVIENDA USO TUR.;C/ MIGUEL YUSTE, Nº 29, PORTAL B, 1º P27;MADRID
VIVIENDA USO TUR.;C/ MIGUEL YUSTE, Nº 29, PORTAL A, 2º S02;MADRID
VIVIENDA USO TUR.;C/ SAN DIMAS, Nº 3, 1º 2;MADRID
VIVIENDA USO TUR.;AVDA. SAN LUIS, Nº 94, BAJO 7;MADRID
VIVIENDA USO TUR.;C/ FRANCISCO PALOMO, Nº 1, BAJO A;MADRID
VIVIENDA USO TUR.;C/ FRANCISCO PALOMO, Nº 1, BAJO B;MADRID
VIVIENDA USO TUR.;C/ FRANCISCO PALOMO, Nº 1, BAJO C;MADRID
VIVIENDA USO TUR.;C/ FRANCISCO PALOMO, Nº 1, BAJO D;MADRID
VIVIENDA USO TUR.;C/ FRANCISCO PALOMO, Nº 1, BAJO E;MADRID
VIVIENDA USO TUR.;C/ FRANCISCO PALOMO, Nº 1, BAJO F;MADRID
VIVIENDA USO TUR.;C/ CAVA ALTA, Nº 13, 1º B;MADRID
VIVIENDA USO TUR.;C/ AVE MARIA, Nº 20, 1º F;MADRID
VIVIENDA USO TUR.;C/ VILLANUEVA, Nº 2, ESC. 1, 2º 32;MADRID
VIVIENDA USO TUR.;C/ DULCINEA, Nº 33, BAJO C;MADRID
VIVIENDA USO TUR.;C/ AMPARO, Nº 27, 1º DCHA.;MADRID
VIVIENDA USO TUR.;C/ ARIES, Nº 4, BAJO 3;MADRID
VIVIENDA USO TUR.;C/ PUEBLA, Nº 12, PORTAL INT., BAJO DCHA.;MADRID
VIVIENDA USO TUR.;C/ PEÑA DE FRANCIA, Nº 6, 2º 5;MADRID
VIVIENDA USO TUR.;C/ DON RAMON DE LA CRUZ, Nº 14, ESC. 1, 2º DCHA;MADRID
VIVIENDA USO TUR.;C/ ANDRES MELLADO, Nº 27, 5º A;MADRID
VIVIENDA USO TUR.;C/ TITANIA, Nº 48A, BAJO;MADRID
VIVIENDA USO TUR.;PLAZA LAVAPIES, Nº 6, 1º A-IZ;MADRID
VIVIENDA USO TUR.;C/ ALBERTO AGUILERA, Nº 62, 5º 6;MADRID
VIVIENDA USO TUR.;PLAZA DE ESPAÑA, Nº 18, 31º 7;MADRID
VIVIENDA USO TUR.;C/ GENERAL DIAZ PORLIER, Nº 40, ESC 1, -1 B;MADRID
VIVIENDA USO TUR.;PLAZA LICEO, Nº 3A, ESC. A, 3º E;MADRID
VIVIENDA USO TUR.;C/ BALLESTA, Nº 28, ESC. 1, 3º 9;MADRID
VIVIENDA USO TUR.;C/ JERTE, Nº 8, 3º YI;MADRID
VIVIENDA USO TUR.;C/ LOPE DE RUEDA, Nº 7, ESC. 1, 1º A-DR;MADRID
VIVIENDA USO TUR.;C/ GOYA, Nº 51, ESC. Y, 3º 2;MADRID
VIVIENDA USO TUR.;C/ TERESA LOPEZ VALCARCEL, Nº 14, 2º;MADRID
VIVIENDA USO TUR.;C/ TERESA LOPEZ VALCARCEL, Nº 14, 1º;MADRID
VIVIENDA USO TUR.;C/ COVARRUBIAS, Nº 35, 3º IZDA.;MADRID
VIVIENDA USO TUR.;C/ SARRIA Nº 14, BAJO 1;MADRID
VIVIENDA USO TUR.;PLAZA DE LA PAJA, Nº3,ESC. Y, 1ºD;MADRID
VIVIENDA USO TUR.;C/ VENTOSA, Nº 28, 2º DCHA.;MADRID
VIVIENDA USO TUR.;C/ SAN BERNARDO, Nº 87, 4º C;MADRID
VIVIENDA USO TUR.;C/ SAN BERNARDO,Nº 87, 4º A;MADRID
VIVIENDA USO TUR.;C/ IBIZA, Nº 27, 7º D;MADRID
VIVIENDA USO TUR.;C/ MORENES ARTEAGA, Nº 17, 1º 3;MADRID
VIVIENDA USO TUR.;C/ FRANCISCA MORENO,Nº 5,3º E;MADRID
VIVIENDA USO TUR.;C/ MARQUES DE LEIS, Nº 10, 1º IZDA.;MADRID
VIVIENDA USO TUR.;C/ MOLINO DE VIENTO,Nº 6, 3º C;MADRID
VIVIENDA USO TUR.;C/ MOLINO DE VIENTO,Nº 6, 6º B;MADRID
VIVIENDA USO TUR.;C/ GENERAL PALANCA, Nº 7, BAJO;MADRID
VIVIENDA USO TUR.;C/ VALVERDE, Nº 45, 1º A;MADRID
VIVIENDA USO TUR.;C/ CHURRUCA, Nº13,ESC, INT. 3º IZDA;MADRID
VIVIENDA USO TUR.;C/ SEGOVIA, Nº 20, 1º IZDA.;MADRID
VIVIENDA USO TUR.;C/ GRAN VIA, Nº 68, 4º B;MADRID
VIVIENDA USO TUR.;C/ GRAN VIA, Nº 68, 5º B;MADRID
VIVIENDA USO TUR.;C/ OLIVAR, Nº 36, BAJO D;MADRID
VIVIENDA USO TUR.;C/ MENENDEZ PELAYO, Nº 67, 2º 11A;MADRID
VIVIENDA USO TUR.;C/ DOÑA BERENGUELA, Nº 19, BAJO B;MADRID
VIVIENDA USO TUR.;C/ DUQUE DE ALBA, Nº 12, 3º, ESC. IZDA.;MADRID
VIVIENDA USO TUR.;C/ MARQUES DE TOCA, Nº 6, 1ºD;MADRID
VIVIENDA USO TUR.;C/ HERMOSILLA, Nº 55, 2ºD;MADRID
VIVIENDA USO TUR.;C/ ARGENSOLA, Nº 10, 1º DCHA.;MADRID
VIVIENDA USO TUR.;C/ BENITO GUTIERREZ,Nº 31, BAJO A;MADRID
VIVIENDA USO TUR.;C/ COLOREROS, Nº 3, 4º DCHA.;MADRID
VIVIENDA USO TUR.;C/ JUAN DUQUE,Nº 5, 5º B;MADRID
VIVIENDA USO TUR.;C/ PILAR DE ZARAGOZA,Nº 35, 3º;MADRID
VIVIENDA USO TUR.;C/ SANTA MARIA, Nº 18, 2º D;MADRID
VIVIENDA USO TUR.;C/ SANTA MARIA, Nº 18, 2º D;MADRID
VIVIENDA USO TUR.;C/ ARENAL, Nº 26, 1º IZDA.1;MADRID
VIVIENDA USO TUR.;C/ ARENAL, Nº 26, 1º IZDA.2;MADRID
VIVIENDA USO TUR.;C/ ARENAL, Nº 26, 1º IZDA.3;MADRID
VIVIENDA USO TUR.;C/ NUESTRA SEÑORA DE LOS DOLORES, Nº 9, 1º;MADRID
VIVIENDA USO TUR.;C/ RONDA DE SEGOVIA,Nº 33, 1º C;MADRID
VIVIENDA USO TUR.;C/ DON PEDRO, Nº 20, ESC. A, 2º;MADRID
VIVIENDA USO TUR.;C/ NUESTRA SEÑORA DE LOS DOLORES, Nº 9, 2º;MADRID
VIVIENDA USO TUR.;PLAZA SAN NICOLAS, Nº 1, BAJO DCHA;MADRID
VIVIENDA USO TUR.;C/ MANUEL LAMELA,Nº 5, 1º D;MADRID
VIVIENDA USO TUR.;C/ GRAN VIA,Nº 15, 1º 7;MADRID
VIVIENDA USO TUR.;C/ PUERTA DEL SOL, Nº 5, 2º D;MADRID
VIVIENDA USO TUR.;C/ PRINCIPE,Nº 12, 2ºD;MADRID
VIVIENDA USO TUR.;C/ QUIÑONES, Nº3, 4º B;MADRID
VIVIENDA USO TUR.;C/ HILARION ESLAVA, Nº 37, BAJO D;MADRID
VIVIENDA USO TUR.;C/ CARVAJALES, Nº 9, ESC. 1, 4º A;MADRID
VIVIENDA USO TUR.;C/ TOLEDO, Nº 50, 2º IZDA. B;MADRID
VIVIENDA USO TUR.;C/ DIEGO BAHAMONDE, Nº 15, 3º B;MADRID
VIVIENDA USO TUR.;C/ ANGEL, Nº 7, BAJO 1;MADRID
VIVIENDA USO TUR.;C/ PUERTA CERRADA, Nº 7, 2º IZ 2;MADRID
VIVIENDA USO TUR.;C/ PUERTA CERRADA, Nº 7, 2º IZ 1;MADRID
VIVIENDA USO TUR.;C/ MINISTRILES, Nº 19, 1º INT. IZDA.;MADRID
VIVIENDA USO TUR.;C/ DUQUE DE ALBA, Nº 11, ESC. INT., 2º 2;MADRID
VIVIENDA USO TUR.;PLAZA CAMPILLO DEL MUNDO NUEVO, Nº 1, 2º 1;MADRID
VIVIENDA USO TUR.;C/ BORDADORES, Nº 6, 4º IZDA.;MADRID
VIVIENDA USO TUR.;C/ HUMANITARIAS, Nº 11, 3º;MADRID
VIVIENDA USO TUR.;C/ BRAVO MURILLO, Nº 9, BAJO 19  ;MADRID
VIVIENDA USO TUR.;C/ GRANADA, Nº 53, ESC. C, 3º M;MADRID
VIVIENDA USO TUR.;C/ LARRA, Nº 5, BAJO 1;MADRID
VIVIENDA USO TUR.;C/ MARQUES DE LA ENSENADA,Nº 16, 9º 919;MADRID
VIVIENDA USO TUR.;PLAZA SAN ILDEFONSO, Nº 5, 3º B;MADRID
VIVIENDA USO TUR.;C/ MESON DE PAREDES,Nº 45, BAJO 1;MADRID
VIVIENDA USO TUR.;C/ COSLADA, Nº 24, LO;MADRID
VIVIENDA USO TUR.;MANUEL LAMELA 5 1º D;MADRID
VIVIENDA USO TUR.;MARQUES DE VILLABRAGIMA 26;MADRID
VIVIENDA USO TUR.;MIGUEL ANGEL 3, 6º - 609;MADRID
VIVIENDA USO TUR.;MAGALLANES 1, 8º 1;MADRID
VIVIENDA USO TUR.;NUÑEZ DE BALBOA 17, -1 DCHA ESC. 1;MADRID
VIVIENDA USO TUR.;DEL RIO 20 BAJO IZQ;MADRID
VIVIENDA USO TUR.;CIUDAD REAL 30 1º A, ESC 2;MADRID
VIVIENDA USO TUR.;MESON DE PAREDES 45 BAJO 4;MADRID
VIVIENDA USO TUR.;ACUARIO 11 DP 1º ;MADRID
VIVIENDA USO TUR.;TOLEDO 87, 5º C;MADRID
VIVIENDA USO TUR.;MISTRAL 101;MADRID
VIVIENDA USO TUR.;NUÑEZ DE BALBOA 114, 8º - 816;MADRID
VIVIENDA USO TUR.;JESUS 14, 4º IZDA;MADRID
VIVIENDA USO TUR.;ABADES 13 2º B;MADRID
VIVIENDA USO TUR.;CARBALLIDO 1, BAJO A4;MADRID
VIVIENDA USO TUR.;DIVINO PASTOR 26 , 5º IZD;MADRID
VIVIENDA USO TUR.;PRECIADOS 33 5º DCHA. 1;MADRID
VIVIENDA USO TUR.;FUENTES 7, 3º A;MADRID
VIVIENDA USO TUR.;MESON DE PAREDES 45 1º izda;MADRID
VIVIENDA USO TUR.;C/ PRINCIPE DE VERGARA,Nº 15, SS A;MADRID
VIVIENDA USO TUR.;C/ GOTARRENDURA, Nº 6, BAJO;MADRID
VIVIENDA USO TUR.;TRAVESIA DE ALARO,Nº 9, BAJO G;MADRID
VIVIENDA USO TUR.;C/ PALAFOX, Nº 27, 6º DCHA;MADRID
VIVIENDA USO TUR.;MESON DE PAREDES, Nº 45, BAJO 2;MADRID
VIVIENDA USO TUR.;C/ CALATRAVA, Nº 20, BAJO EXT. IZDA.;MADRID
VIVIENDA USO TUR.;C/ MESON DE PAREDES, Nº 45, BAJO 3;MADRID
VIVIENDA USO TUR.;C/ GENERAL PARDIÑAS, Nº 71, 10º G;MADRID
VIVIENDA USO TUR.;PASEO CHOPERA 63, 2º 1;MADRID
VIVIENDA USO TUR.;HERMOSILLA  97, 1º A;MADRID
VIVIENDA USO TUR.;HERMOSILLA  97, 1º B;MADRID
VIVIENDA USO TUR.;HERMOSILLA 97, 2º A;MADRID
VIVIENDA USO TUR.;HERMOSILLA 97, 2º B;MADRID
VIVIENDA USO TUR.;HERMOSILLA 97, 2º C;MADRID
VIVIENDA USO TUR.;HERMOSILLA 97, 2º D;MADRID
VIVIENDA USO TUR.;HERMOSILLA 97, 2º E;MADRID
VIVIENDA USO TUR.;HERMOSILLA 97, 3º A;MADRID
VIVIENDA USO TUR.;HERMOSILLA 97, 3º B;MADRID
VIVIENDA USO TUR.;HERMOSILLA 97, 3º C;MADRID
VIVIENDA USO TUR.;HERMOSILLA 97, 3º D;MADRID
VIVIENDA USO TUR.;HERMOSILLA 97, 3º E;MADRID
VIVIENDA USO TUR.;HERMOSIILA 97, 4º A;MADRID
VIVIENDA USO TUR.;HERMOSIILA 97, 4º B;MADRID
VIVIENDA USO TUR.;HERMOSILLA 97, 4º C;MADRID
VIVIENDA USO TUR.;HERMOSILLA 97, 4º D;MADRID
VIVIENDA USO TUR.;HERMOSIILA 97, 4º E;MADRID
VIVIENDA USO TUR.;HERMOSIILA 97, 5º A;MADRID
VIVIENDA USO TUR.;HERMOSILLA 97, 5º B;MADRID
VIVIENDA USO TUR.;HERMOSILLA 97, 5º C;MADRID
VIVIENDA USO TUR.;HERMOSILLA 97, 5º D;MADRID
VIVIENDA USO TUR.;HERMOSILLA 97, 5º E;MADRID
VIVIENDA USO TUR.;MESON DE PAREDES 45, 1º DCHA;MADRID
VIVIENDA USO TUR.;MESON DE PAREDES 45, 4º DCHA;MADRID
VIVIENDA USO TUR.;MESON DE PAREDES 45, BAJO IZDA;MADRID
VIVIENDA USO TUR.;ABADES 5, BAJO 1;MADRID
VIVIENDA USO TUR.;EUGENIO SELLES 3D, BAJO 1;MADRID
VIVIENDA USO TUR.;C/ MOLINO DE VIENTO, Nº 8;MADRID
VIVIENDA USO TUR.;GENERAL ARRANDO 7, 2º;MADRID
VIVIENDA USO TUR.;ACUERDO 17, 5º B;MADRID
VIVIENDA USO TUR.;CALIZA 55, 5º B;MADRID
VIVIENDA USO TUR.;CRUZ 8, 4º IZDA EXT.;MADRID
VIVIENDA USO TUR.;SOR ANGELA DE LA CRUZ 43 5º - 10;MADRID
VIVIENDA USO TUR.;LUCHANA 3, 3º 1;MADRID
VIVIENDA USO TUR.;ATOCHA 43, 5º DCHA PTA. 7;MADRID
VIVIENDA USO TUR.;IRLANDESES 6, 3º - 3;MADRID
VIVIENDA USO TUR.;MESON DE PAREDES 40, 2º - A;MADRID
VIVIENDA USO TUR.;HERNAN CORTES 16, BAJO 2 YN;MADRID
VIVIENDA USO TUR.;ARTURO SORIA 265, 3º B-1;MADRID
VIVIENDA USO TUR.;ARTURO SORIA 265, 3º B-2;MADRID
VIVIENDA USO TUR.;ARTURO SORIA 265, 3º B-3;MADRID
VIVIENDA USO TUR.;ARTURO SORIA 267, 3º - B-1;MADRID
VIVIENDA USO TUR.;ARTURO SORIA 267, 3º - B-2;MADRID
VIVIENDA USO TUR.;ARTURO SORIA 267, 3º - B-3;MADRID
VIVIENDA USO TUR.;AVDA. MANZANARES 214;MADRID
VIVIENDA USO TUR.;PEDRO ZEROLO 10, 5º - 8;MADRID
VIVIENDA USO TUR.;CARRETAS 12, 1º, 5;MADRID
VIVIENDA USO TUR.;PASEO DE LAS DELICIAS Nº 125, BAJO G;MADRID
VIVIENDA USO TUR.;ALBURQUERQUE 29 2º B;MADRID
VIVIENDA USO TUR.;FRANCISCO SILVELA 93, BAJO DCHA;MADRID
VIVIENDA USO TUR.;FRANCISCO SILVELA 93, BAJO IZDA;MADRID
VIVIENDA USO TUR.;FRANCISCO SILVELA 93, 1º DCHA;MADRID
VIVIENDA USO TUR.;FRANCISCO SILVELA 93, 2º DCHA;MADRID
VIVIENDA USO TUR.;FRANCISCO SILVELA 93, 2º IZDA;MADRID
VIVIENDA USO TUR.;FRANCISCO SILVELA 93, 3º;MADRID
VIVIENDA USO TUR.;CHINCHILLA 7, 1º A;MADRID
VIVIENDA USO TUR.;CHINCHILLA 7, 1º C;MADRID
VIVIENDA USO TUR.;CHINCHILLA 7, 2º A;MADRID
VIVIENDA USO TUR.;CHINCHILLA 7, 2º B;MADRID
VIVIENDA USO TUR.;CHINCHILLA 7, 2º C;MADRID
VIVIENDA USO TUR.;CHINCHILLA 7, 3º A;MADRID
VIVIENDA USO TUR.;CHINCHILLA 7, 3º B;MADRID
VIVIENDA USO TUR.;CHINCHILLA 7, 3º C;MADRID
VIVIENDA USO TUR.;CHINCHILLA 7, 3º D;MADRID
VIVIENDA USO TUR.;CHINCHILLA 7, 4º A;MADRID
VIVIENDA USO TUR.;CHINCHILLA 7, 4º B;MADRID
VIVIENDA USO TUR.;CHINCHILLA 7, 4º C;MADRID
VIVIENDA USO TUR.;CHINCHILLA 7, 4º D;MADRID
VIVIENDA USO TUR.;CHINCHILLA 7, 5º ATICO;MADRID
VIVIENDA USO TUR.;MIRADOR DE LA REINA 56, 1º A;MADRID
VIVIENDA USO TUR.;EMBAJADORES 47 BAJO 1;MADRID
VIVIENDA USO TUR.;SAGASTA 4, 3º IZDA;MADRID
VIVIENDA USO TUR.;MINAS 2, BAJO EXT DCHA;MADRID
VIVIENDA USO TUR.;C/ CABEZA, 18, BAJO 2;MADRID
VIVIENDA USO TUR.;PZA. CAMPILLO DEL MUNDO NUEVO 4, 1º C;MADRID
VIVIENDA USO TUR.;FRANCISCO SILVELA 104, 2º - A;MADRID
VIVIENDA USO TUR.;ISTURIZ 12, 2º - B;MADRID
VIVIENDA USO TUR.;BRAVO MURILLO 9, 1º - 37;MADRID
VIVIENDA USO TUR.;SANTA ANA, Nº 9, 1º C;MADRID
VIVIENDA USO TUR.;EUGENIO SELLES 5, 1º A - A;MADRID
VIVIENDA USO TUR.;LOPE DE RUEDA 50, 2º DCHA;MADRID
VIVIENDA USO TUR.;PRADO 12, 3º A;MADRID
VIVIENDA USO TUR.;ALCALA 99 , 4º INT E;MADRID
VIVIENDA USO TUR.;RICARDO GUTIERREZ 5 (A) 3º B ESC. 1;MADRID
VIVIENDA USO TUR.;ALCALA 99 , 4º INT F;MADRID
VIVIENDA USO TUR.;LOPEZ DE RUEDA, 52, BAJO A;MADRID
VIVIENDA USO TUR.;PLAZA PROVINCIA 3 -3º IZDA;MADRID
VIVIENDA USO TUR.;EMBAJADORES, 39-PISO 1;MADRID
VIVIENDA USO TUR.;EMBAJADORES, 39 PISO 5;MADRID
VIVIENDA USO TUR.;ARENAL 16 1º A;MADRID
VIVIENDA USO TUR.;RONDA DE SEGOVIA, Nº 13 1º A;MADRID
VIVIENDA USO TUR.;GRAN VIA 15, 3º B;MADRID
VIVIENDA USO TUR.;MONTSERRAT 4 ENTERP. 10;MADRID
VIVIENDA USO TUR.;MOTILLA DEL PALANCAR 8 BAJO A;MADRID
VIVIENDA USO TUR.;SOR ANGELA DE LA CRUZ 22, ESC.DCHA. 3º Q;MADRID
VIVIENDA USO TUR.;C/ GRAN VIA 61, 4º;MADRID
VIVIENDA USO TUR.;AVDA. PLANETARIO 1 (A) 9º A;MADRID
VIVIENDA USO TUR.;PLAZA SANTA ANA 10 1º DCHA;MADRID
VIVIENDA USO TUR.;C/ CONCEPCION JERONIMA 33 4º - B;MADRID
VIVIENDA USO TUR.;C/ CONCEPCION JERONIMA 33 4º - A;MADRID
VIVIENDA USO TUR.;C/ CONCEPCION JERONIMA 33 3º - B;MADRID
VIVIENDA USO TUR.;C/ CONCEPCION JERONIMA 33 3º - A - 2 PRIMA;MADRID
VIVIENDA USO TUR.;C/ CONCEPCION JERONIMA 33 3º - A;MADRID
VIVIENDA USO TUR.;C/ CONCEPCION JERONIMA 33 2º - B;MADRID
VIVIENDA USO TUR.;C/ CONCEPCION JERONIMA 33 2º - A - 2 PRIMA;MADRID
VIVIENDA USO TUR.;C/ CONCEPCION JERONIMA 33 2º - A;MADRID
VIVIENDA USO TUR.;C/ CONCEPCION JERONIMA 33 1º - B;MADRID
VIVIENDA USO TUR.;C/ CONCEPCION JERONIMA 33 1º - A - 2 PRIMA;MADRID
VIVIENDA USO TUR.;C/ CONCEPCION JERONIMA 33 1º - A;MADRID
VIVIENDA USO TUR.;C/ LUIS VELEZ DE GUEVARA 9, 1º - 15;MADRID
VIVIENDA USO TUR.;PASADIZO DE SAN GINES 5, 5º CENTRO;MADRID
VIVIENDA USO TUR.;C/ JULIO AGUIRRE 6, BAJO EXT.;MADRID
VIVIENDA USO TUR.;C/ CARRERA DE SAN JERONIMO, Nº 12, 3º IZ.;MADRID
VIVIENDA USO TUR.;C/ DULCE CHACON, Nº 49, 3º C;MADRID
VIVIENDA USO TUR.;C/ TOLEDO, Nº 117, BAJO C;MADRID
VIVIENDA USO TUR.;C/ PRINCESA, Nº 25-27, 15º 6;MADRID
VIVIENDA USO TUR.;C/ GENERAL ORAA, Nº 70, 2º DCHA.;MADRID
VIVIENDA USO TUR.;C/ MOLINO DE VIENTO, Nº 14, BAJO DCHA.;MADRID
VIVIENDA USO TUR.;C/ EMBAJADORES, Nº 47, BAJO 1;MADRID
VIVIENDA USO TUR.;C/ JACINTO VERDAGUER, Nº 12, ESC. 2, 2º B;MADRID
VIVIENDA USO TUR.;C/ VENERAS, Nº 1, 2º DR;MADRID
VIVIENDA USO TUR.;C/ PELAYO, Nº 8, 1º D;MADRID
VIVIENDA USO TUR.;C/ FUENCARRAL, Nº 9, ESC. 1, 5º A;MADRID
VIVIENDA USO TUR.;C/ CARNERO, Nº 14;MADRID
VIVIENDA USO TUR.;C/ HERMOSILLA, Nº 15, 1º DCHA.;MADRID
VIVIENDA USO TUR.;C/ ORTEGA Y GASSET, Nº 98, 4º IZ.;MADRID
VIVIENDA USO TUR.;C/ DOCTOR PIGA, Nº 19, BAJO IZDA.;MADRID
VIVIENDA USO TUR.;C/ GRAN VIA,  Nº 16, 6º D;MADRID
VIVIENDA USO TUR.;C/ JUANELO, Nº 16, BAJO DCHA.;MADRID
VIVIENDA USO TUR.;C/ BERNARDO LOPEZ GARCIA, Nº 7, ESC. INT., 2º C;MADRID
VIVIENDA USO TUR.;C/ PADRE RUBIO, Nº 46, BAJO;MADRID
VIVIENDA USO TUR.;C/ MARQUES DE LA ENSENADA, 16, 9º 924;MADRID
VIVIENDA USO TUR.;C/ MARQUES DE LA ENSENADA, 16, 11º 1126;MADRID
VIVIENDA USO TUR.;C/ MAR MEDITERRANEO, 20, PLANTA 2;MADRID
VIVIENDA USO TUR.;C/ FUCAR Nº 7, 3º A;MADRID
VIVIENDA USO TUR.;C/ FUCAR Nº 7, 3º B;MADRID
VIVIENDA USO TUR.;C/ FUCAR Nº 7, 3º C;MADRID
VIVIENDA USO TUR.;C/ FUCAR Nº 7, 3º D;MADRID
VIVIENDA USO TUR.;C/ SANCHEZ BARCAIZTEGUI, 23 BAJO A;MADRID
VIVIENDA USO TUR.;C/ SANCHEZ BARCAIZTEGUI, 23 BAJO B;MADRID
VIVIENDA USO TUR.;C/ ALCALDE SAINZ DE BARANDA, 22 ESC 1 BAJO B;MADRID
VIVIENDA USO TUR.;C/ SAN FIDEL nº 1, BAJO (LOCAL);MADRID
VIVIENDA USO TUR.;C/ DEL OLIVAR, 29 BAJO;MADRID
VIVIENDA USO TUR.;C/ DOCE DE OCTUBRE, Nº 34, BAJO A;MADRID
VIVIENDA USO TUR.;C/ SAN CANDIDO, 3 BAJO IZDA.;MADRID
VIVIENDA USO TUR.;C/ AGUILA Nº 14, 1º IZQ.;MADRID
VIVIENDA USO TUR.;C/ MARCELINO CASTILLO, Nº 12, 5ºA;MADRID
VIVIENDA USO TUR.; C/ TESORO, 31-3º D;MADRID
VIVIENDA USO TUR.;AVDA CIUDAD DE BARCELONA Nº 51, BAJO, PTA. 1;MADRID
VIVIENDA USO TUR.;C/ SALITRE, Nº 44, 1º 1;MADRID
VIVIENDA USO TUR.;C/ SAN VICENTE FERRER, Nº 78, BAJO;MADRID
VIVIENDA USO TUR.;C/ CABEZA Nº 18 LOCAL 4 ;MADRID
VIVIENDA USO TUR.;C/ ANTONIO CAVERO 52, BAJO EXT. ;MADRID
VIVIENDA USO TUR.;C/ NIEREMBERG, Nº 2, 6º B;MADRID
VIVIENDA USO TUR.;C/ JULIAN BESTEIRO, 35,  PLANTA 7, PUERTA 4;MADRID
VIVIENDA USO TUR.;PLAZA CARLOS TRIAS BELTRAN, Nº 4, 6º 610;MADRID
VIVIENDA USO TUR.;C/ MARQUES DE LEGANES, Nº 7, 1º IZQ. E;MADRID
VIVIENDA USO TUR.;C/ PEÑA DE FRANCIA, Nº 6, BAJO IZQ- PTA 10;MADRID
VIVIENDA USO TUR.;C/ JUAN DUQUE, Nº 3, 1º INT. IZDA.;MADRID
VIVIENDA USO TUR.;C/ JACOMETREZO, Nº 11, 5º DCHA.;MADRID
VIVIENDA USO TUR.;C/ JACOMETREZO, Nº 11, 4º IZQ.;MADRID
VIVIENDA USO TUR.;C/ JACOMETREZO, Nº 11, 4º DCHA.;MADRID
VIVIENDA USO TUR.;C/ JACOMETREZO, Nº 11, 3º IZQ.;MADRID
VIVIENDA USO TUR.;C/ JACOMETREZO, Nº 11, 3º DCHA.;MADRID
VIVIENDA USO TUR.;C/ JACOMETREZO, Nº 11, 1º DCHA.;MADRID
VIVIENDA USO TUR.;C/ DULCE CHACON, 31-4º H;MADRID
VIVIENDA USO TUR.;C/ ELOY GONZALO, 21, ESC E, 1º D;MADRID
VIVIENDA USO TUR.;C/ IRUN, Nº 15, A.5.3;MADRID
VIVIENDA USO TUR.;C/ SANTIAGO, 2-1º C;MADRID
VIVIENDA USO TUR.;C/ CONCEPCION JERONIMA Nº 7, 1º A;MADRID
VIVIENDA USO TUR.;C/ MAGNOLIAS 116, BAJO 1;MADRID
VIVIENDA USO TUR.;C/ ALCOLEA Nº 8, 2º DCHA;MADRID
VIVIENDA USO TUR.;C/ DIVINO VALLES, Nº 6, 5º E;MADRID
VIVIENDA USO TUR.;C/ JOSE MARIA CASTRO, Nº 5, 2º A;MADRID
VIVIENDA USO TUR.;C/ ESPAÑOLETO, Nº 5, BAJO DCHA.;MADRID
VIVIENDA USO TUR.;C/ JOSE ANDUIZA Nº 2, BAJO - 2;MADRID
VIVIENDA USO TUR.;C/ EUSKALDUNA Nº 1, 1º - A;MADRID
VIVIENDA USO TUR.;C/ HACIENDA, Nº 22, 1º D;MADRID
VIVIENDA USO TUR.;C/ SAN EMILIO Nº 66, BAJO - ESC. EXT. PTA. EXT;MADRID
VIVIENDA USO TUR.;C/ HILARION ESLAVA 40, BAJO A;MADRID
VIVIENDA USO TUR.;C/ TRIBULETE Nº 21, BAJO D;MADRID
VIVIENDA USO TUR.;C/ TOLEDO 129, 2º - IZDA.;MADRID
VIVIENDA USO TUR.;C/ GRAVINAS, Nº 5, 1º DCHA.;MADRID
VIVIENDA USO TUR.;C/ DE LOS CABESTREROS Nº 17-1º IZDA;MADRID
VIVIENDA USO TUR.;C/ JESUS DEL VALLE, Nº 36, 4º D;MADRID
VIVIENDA USO TUR.;C/ BOCANGEL, Nº 10, BAJO IZQUIERDA;MADRID
VIVIENDA USO TUR.;C/ AMBROSIO VALLEJO, Nº 7, BAJO 1;MADRID
VIVIENDA USO TUR.;INFANTAS, 12, 3º C;MADRID
VIVIENDA USO TUR.;RONDA DE SEGOVIA, Nº 4, BAJO B;MADRID
VIVIENDA USO TUR.;C/ FACTOR, Nº 6, BAJO;MADRID
VIVIENDA USO TUR.;C/ CALIZA, Nº 35, ESC. B, BAJO;MADRID
VIVIENDA USO TUR.;C/ CORREDERA BAJA DE SAN PABLO, Nº 47, ESC. EXT. 5º DCHA.;MADRID
VIVIENDA USO TUR.;C/ SILVA, Nº 4, PORTAL 4, 1º E;MADRID
VIVIENDA USO TUR.;C/ GENERAL ORAA 49, BAJO IZDA - D;MADRID
VIVIENDA USO TUR.;C/ SEGOVIA 19, 1º D2;MADRID
VIVIENDA USO TUR.;COSTANILLA DE LOS ANGELES 14, 3º - A;MADRID
VIVIENDA USO TUR.;COSTANILLA DE LOS ANGELES 14, 3º - B;MADRID
VIVIENDA USO TUR.;COSTANILLA DE LOS ANGELES 14, 3º - C;MADRID
VIVIENDA USO TUR.;COSTANILLA DE LOS ANGELES 14, 3º - D;MADRID
VIVIENDA USO TUR.;COSTANILLA DE LOS ANGELES 14, 4º - A;MADRID
VIVIENDA USO TUR.;COSTANILLA DE LOS ANGELES 14, 4º - B;MADRID
VIVIENDA USO TUR.;COSTANILLA DE LOS ANGELES 14, 4º - C;MADRID
VIVIENDA USO TUR.;COSTANILLA DE LOS ANGELES 14, 4º - D;MADRID
VIVIENDA USO TUR.;COSTANILLA DE LOS ANGELES 14, 5 A;MADRID
VIVIENDA USO TUR.;COSTANILLA DE LOS ANGELES 14, 5 B;MADRID
VIVIENDA USO TUR.;COSTANILLA DE LOS ANGELES 14, 5 C;MADRID
VIVIENDA USO TUR.;C/ NARVAEZ, Nº 60, N/A, BAJO 2, ESC. INT.;MADRID
VIVIENDA USO TUR.;C/ SAN VICENTE FERRER Nº 34-1º IZDA;MADRID
VIVIENDA USO TUR.;C/ SANTA ENGRACIA 103, BAJO - IZDA.;MADRID
VIVIENDA USO TUR.;C/ ALTO DEL ESPARRAGAL, Nº 212, 1º C;MADRID
VIVIENDA USO TUR.;PLAZA DE MARIANA PINEDA, Nº 2, BAJO A;MADRID
VIVIENDA USO TUR.;C/ DOCE DE OCTUBRE, Nº 18, BAJO PTA. 2;MADRID
VIVIENDA USO TUR.;C/ LEGANITOS, 9 - 1º A;MADRID
VIVIENDA USO TUR.;C/ LEGANITOS, 9 - 1º B;MADRID
VIVIENDA USO TUR.;AVDA. DE NUESTRA SEÑORA DE VALVANERA Nº 77 , BAJO 2;MADRID
VIVIENDA USO TUR.;C/ FERNAN GONZALEZ, 58, 5º D;MADRID
VIVIENDA USO TUR.;C/ ESPIRITU SANTO, Nº 6, BAJO IZQ.;MADRID
VIVIENDA USO TUR.;C/ BUENAVISTA, Nº 12, BAJO PTA. 4;MADRID
VIVIENDA USO TUR.;C/ JORGE JUAN 57, 1º - F;MADRID
VIVIENDA USO TUR.;C/ HERMANOS DEL MORAL 75, BAJO - A;MADRID
VIVIENDA USO TUR.;C/ RAMON DE SANTILLAN 15, PORTAL A, BAJO, ESC. A PTA I;MADRID
VIVIENDA USO TUR.;C/ HUERTAS Nº 12, ESC INT, 1º;MADRID
VIVIENDA USO TUR.;C/ FERRAZ, 74, 1º IZDA.;MADRID
VIVIENDA USO TUR.;C/ ATOCHA 43, BAJO - YD;MADRID
VIVIENDA USO TUR.;C/ DE LA PAZ 7, 5º - CD;MADRID
VIVIENDA USO TUR.;PASEO DE LA CASTELLANA 177, 10º - ESC. C - PTA 1;MADRID
VIVIENDA USO TUR.;PASEO DE LA FLORIDA, 27;MADRID
VIVIENDA USO TUR.;C/ SAN ALBERTO 1, 1º;MADRID
VIVIENDA USO TUR.;C/ PEÑA DE FRANCIA 5, BAJO - B;MADRID
VIVIENDA USO TUR.;C/ SAN ILDEFONSO Nº 24, 1º - B;MADRID
VIVIENDA USO TUR.;C/ VIRGEN DE LA PAZ, Nº 12, 6º 4;MADRID
VIVIENDA USO TUR.;C/ ARREGUI Y ARUEJ, Nº 5, 2º C;MADRID
VIVIENDA USO TUR.;C/ JULIA NEBOT nº 11, BAJO DER-2;MADRID
VIVIENDA USO TUR.;C/ JULIA NEBOT nº 11, BAJO DER-1;MADRID
VIVIENDA USO TUR.;C/ JULIA NEBOT nº 11, BAJO DER-3;MADRID
VIVIENDA USO TUR.;C/ JUAN TORNERO, Nº 24, 1º D;MADRID
VIVIENDA USO TUR.;C/ ENCARNACION OVIOL, Nº 43, 1º F;MADRID
VIVIENDA USO TUR.;C/ COSTA DEL SOL 1, 3º PTA. 4;MADRID
VIVIENDA USO TUR.;C/ HERMANOS DEL MORAL 16, BAJO, ESC. IZD. - 2;MADRID
VIVIENDA USO TUR.;C/ ORENSE 6, 5º ESC. A PTA. 4;MADRID
VIVIENDA USO TUR.;C/ VILLACARLOS Nº 10, BAJO A;MADRID
VIVIENDA USO TUR.;C/ ORENSE Nº 69, -13º-6;MADRID
VIVIENDA USO TUR.;C/ MORATIN Nº 50 -PLANTA -1 PUERTA 2;MADRID
VIVIENDA USO TUR.;AVDA. CANTABRIA Nº 34, 1º B;MADRID
VIVIENDA USO TUR.;C/ ELFO Nº 11, BAJO IZDA.;MADRID
VIVIENDA USO TUR.;C/ MARQUES DE MONTEAGUDO, Nº 20, 1º 15;MADRID
VIVIENDA USO TUR.;C/ GRANADA Nº 12, 4º F;MADRID
VIVIENDA USO TUR.;C/ GRANADA Nº 12, 2º E IZDA.;MADRID
VIVIENDA USO TUR.;C/ ARCOS DE LA FRONTERA Nº 1, PORTAL 3, BAJO A;MADRID
VIVIENDA USO TUR.;C/ DOCTOR FLEMING Nº 12, BAJO DCHA.;MADRID
VIVIENDA USO TUR.;C/ TELEMACO, Nº 18, 4º B;MADRID
VIVIENDA USO TUR.;C/ MELQUIADES BIENCINTO, Nº 14, BAJO IZDA.;MADRID
VIVIENDA USO TUR.;C/ PECHUAN, Nº 15, 5º ESC 2 PUERTA C;MADRID
VIVIENDA USO TUR.;C/ PRINCIPE Nº 5, 1º PTA. B1;MADRID
VIVIENDA USO TUR.;C/ PRINCIPE Nº 5, 1º PTA. B2;MADRID
VIVIENDA USO TUR.;C/ PRINCIPE Nº 5, 1º PTA. B3;MADRID
VIVIENDA USO TUR.;C/ PRINCIPE Nº 5, 1º PTA. B4;MADRID
VIVIENDA USO TUR.;C/ NUESTRA SEÑORA DE ARACELI, Nº 28 BAJO D;MADRID
VIVIENDA USO TUR.;C/ AGUADULCE, Nº 10, BAJO A;MADRID
VIVIENDA USO TUR.;C/ DOCE DE OCTUBRE Nº 26, BAJO PTA. 2;MADRID
VIVIENDA USO TUR.;C/ CONSTANCIA Nº 15, 1º B;MADRID
VIVIENDA USO TUR.;PLAZA DE CASCORRO, Nº 13, PLANTA 3, PUERTA A ;MADRID
VIVIENDA USO TUR.;C/ HORTALEZA Nº 80, ESC. EXT., 5º DCHA.;MADRID
VIVIENDA USO TUR.;C/ ATOCHA Nº 27, 2º IZ EXT.;MADRID
VIVIENDA USO TUR.;C/ CALANDA, Nº 6, BAJO A;MADRID
VIVIENDA USO TUR.;C/ CAMPEZO Nº 9;MADRID
VIVIENDA USO TUR.;C/ DON QUIJOTE Nº 41, BAJO 4B;MADRID
VIVIENDA USO TUR.;C/ MAIQUEZ, Nº 17 BAJO PORTAL B;MADRID
VIVIENDA USO TUR.;C/ ALVARO CUNQUEIRO, Nº 26;MADRID
VIVIENDA USO TUR.;C/ LINNEO Nº 23, LOCAL;MADRID
VIVIENDA USO TUR.;C/ OTAMENDI, Nº 5, 3º A;MADRID
VIVIENDA USO TUR.;C/ CARTAGENA, Nº 55, 2º D;MADRID
VIVIENDA USO TUR.;C/ DEL PIANO Nº 12;MADRID
VIVIENDA USO TUR.;C/ CAMINO VIEJO DE LEGANES, 58, 2º C;MADRID
VIVIENDA USO TUR.;C/ MAESTRO ARBOS Nº 5, BAJO PTA.2;MADRID
VIVIENDA USO TUR.;C/ RIBADAVIA Nº 12, ESC. DCHA., 11º A;MADRID
VIVIENDA USO TUR.;C/ BRAVO MURILLO, Nº 355, PORTAL H, ESC. N/A, 2º B;MADRID
VIVIENDA USO TUR.;C/ MONTELEON, Nº 27, 2 IZDA ;MADRID
VIVIENDA USO TUR.;C/ FUENCARRAL, Nº 122, 1 IZDA ;MADRID
VIVIENDA USO TUR.;C/ FUENCARRAL, Nº 141, ESC INT BAJO B;MADRID
VIVIENDA USO TUR.;C/ MONTELEON, Nº50 PLANTA 3 PUERTA 2 ;MADRID
VIVIENDA USO TUR.;C/ AMPARO, Nº 81, 1º 1;MADRID
VIVIENDA USO TUR.;C/ TORRELAGUNA Nº 70, ESC. DCHA., 3º B;MADRID
VIVIENDA USO TUR.;C/ JOSE BERGAMIN, Nº 2, 6º A;MADRID
VIVIENDA USO TUR.;C/ DE LA PALMA Nº 41;MADRID
VIVIENDA USO TUR.;C/ TORQUEMADA Nº 27-ESC 3-BAJO 3;MADRID
VIVIENDA USO TUR.;C/ ANGEL LARRA N 1, BAJO;MADRID
VIVIENDA USO TUR.;C/ BELFAST, Nº 13, PORTAL 3, ESC. 3, 1º J;MADRID
VIVIENDA USO TUR.;C/ SANTO DOMINGO, Nº 18, ESC. 1, 1º 1;MADRID
VIVIENDA USO TUR.;C/ CACERES, Nº 16, 6º G, ESC. G;MADRID
VIVIENDA USO TUR.;C/ TOLEDO Nº 123, BAJO A;MADRID
VIVIENDA USO TUR.;C/ TOLEDO Nº 123, BAJO B;MADRID
VIVIENDA USO TUR.;C/ TOLEDO Nº 123, BAJO C;MADRID
VIVIENDA USO TUR.;C/ TOLEDO Nº 123, BAJO D;MADRID
VIVIENDA USO TUR.;C/ ANTONIO LOPEZ, Nº 54, LOCAL;MADRID
VIVIENDA USO TUR.;C/ HERNANI 31, INT 1º C;MADRID
VIVIENDA USO TUR.;C/ ERCILLA 22 BAJO 1;MADRID
VIVIENDA USO TUR.;C/ SANTILLANA DEL MAR 15 DCHA BAJO;MADRID
VIVIENDA USO TUR.;C/ MADERA 45 BAJO;MADRID
VIVIENDA USO TUR.;C/ FRANCISCO GARCIA, Nº 17, BAJO IZ 1;MADRID
VIVIENDA USO TUR.;C/ FRANCISCO GARCIA, Nº 17, BAJO IZ 2;MADRID
VIVIENDA USO TUR.;C/ FRANCISCO GARCIA, Nº 17, BAJO IZ 3;MADRID
VIVIENDA USO TUR.;C/ PRINCIPE 27 2º A;MADRID
VIVIENDA USO TUR.;C/ FUNDADORES, Nº 8, ESC. 1, BAJO 3;MADRID
VIVIENDA USO TUR.;C/ DESENGAÑO, Nº 13, ESC. 1, 3º J;MADRID
VIVIENDA USO TUR.;C/ CERVERA 47 1º DCHA;MADRID
VIVIENDA USO TUR.;C/ GRANADA, Nº 12, 1º C;MADRID
VIVIENDA USO TUR.;AVDA. MONFORTE DE LEMOS, Nº 65, 6º C;MADRID
VIVIENDA USO TUR.;C/ SALITRE, Nº 23, BAJO, L20;MADRID
VIVIENDA USO TUR.;C/ SANTIAGO BERNABEU, Nº 4, ESC. 4, 1º B;MADRID
VIVIENDA USO TUR.;C/ BAHÍA DE ALMERÍA 30 ESC 1 BAJO D;MADRID
VIVIENDA USO TUR.;C/ ANGELA GONZALEZ Nº 4, 5º A;MADRID
VIVIENDA USO TUR.;C/ RIBADUMIA, Nº 4, LOCAL;MADRID
VIVIENDA USO TUR.;AVDA GRAN VIA DE HORTALEZA Nº 88, PLANTA 3 PUERTA 3 ;MADRID
VIVIENDA USO TUR.;C/ SAN ISIDORO DE SEVILLA, Nº 3, BAJO A, ESC. 1;MADRID
VIVIENDA USO TUR.;C/ QUERO, Nº 29, ESC. 1, 1º IZDA.;MADRID
VIVIENDA USO TUR.;C/ PILAR DE ZARAGOZA, Nº 61, BAJO DCHA.;MADRID
VIVIENDA USO TUR.;C/ CEREZA, Nº 1, BAJO LOCAL;MADRID
VIVIENDA USO TUR.;C/ LAGUNA DEL MARQUESADO Nº 5, PORTAL 2, ESC. 2, 4º PTA. 423;MADRID
VIVIENDA USO TUR.;AVDA. MANOTERAS Nº 38, PORTAL D, 3º PTA. 13;MADRID
VIVIENDA USO TUR.;AVDA. MANOTERAS Nº 38, PORTAL D, 4º PTA. 15;MADRID
VIVIENDA USO TUR.;AVDA. MANOTERAS Nº 38, PORTAL D, 5º PTA. 4;MADRID
VIVIENDA USO TUR.;AVDA. MANOTERAS Nº 38, PORTAL D, 5º PTA. 5;MADRID
VIVIENDA USO TUR.;C/ MONTE CALOBRO Nº 7, LOCAL BAJO IZDA.;MADRID
VIVIENDA USO TUR.;C/ MONTE CALOBRO Nº 7, LOCAL BAJO DCHA.;MADRID
VIVIENDA USO TUR.;C/ JERONIMA LLORENTE Nº 20, BAJO EXT. CENTRO;MADRID
VIVIENDA USO TUR.;C/ MALDONADO Nº 55, 1º PTA. 104;MADRID
VIVIENDA USO TUR.;C/ LAGUNA DEL MARQUESADO Nº 5, ESC. 2, 1º PTA. 34;MADRID
VIVIENDA USO TUR.;C/ CASTELLO, 116, BAJO D;MADRID
VIVIENDA USO TUR.;C/ AMANECER, Nº 1, BAJO;MADRID
VIVIENDA USO TUR.;C/ URQUIZA, 20, BAJO;MADRID
VIVIENDA USO TUR.;C/ APOSTOL SANTIAGO Nº 57, 2º D;MADRID
VIVIENDA USO TUR.;C/ DOÑA BERENGUELA, Nº 4, BAJO DCHA.;MADRID
VIVIENDA USO TUR.;C/ MARIO MORENO CANTINFLAS, Nº 41, 2º A;MADRID
VIVIENDA USO TUR.;C/ CANILLAS, 92, BAJO 1;MADRID
VIVIENDA USO TUR.;C/ CANILLAS, 92, BAJO 1;MADRID
VIVIENDA USO TUR.;C/ IBIZA, Nº 17,  3  IZDA;MADRID
VIVIENDA USO TUR.;C/ INMACULADA CONCEPCION Nº 19, BAJO 5;MADRID
VIVIENDA USO TUR.;C/ PROVISIONES, Nº 24, ESC. 1, 3º B;MADRID
VIVIENDA USO TUR.;C/ SAN MARIANO Nº 10, ESC. 2, 2º A;MADRID
VIVIENDA USO TUR.;C/ IBIZA Nº 17, ESC. A, 6º A;MADRID
VIVIENDA USO TUR.;C/ CANDILEJAS Nº 68, 1 IZQ B;MADRID
VIVIENDA USO TUR.;C/ BAUSA, 19,  3º A;MADRID
VIVIENDA USO TUR.;AVDA CARDENAL HERRERA ORIA, Nº171 ESC 2 BAJO 3;MADRID
VIVIENDA USO TUR.;C/ TAJOS ALTOS Nº 10, ESC. A, 1º A;MADRID
VIVIENDA USO TUR.;C/ CERRO DE LOS ALAMOS BLANCOS Nº 2, PORTAL B;MADRID
VIVIENDA USO TUR.;AVDA. VENTISQUERO DE LA CONDESA Nº 7, PORTAL H, 6º A;MADRID
VIVIENDA USO TUR.;C/ CERRO DE LA CARRASQUETA Nº 63, PORTAL I, 4º A;MADRID
VIVIENDA USO TUR.;C/ NAVAS DEL REY Nº 20;MADRID
VIVIENDA USO TUR.;C/ RIBERA DE CURTIDORES Nº 2, BAJO IZDA.;MADRID
VIVIENDA USO TUR.;C/ OQUENDO Nº 14, PORTAL B, PISOS -1, 0, 1, 2;MADRID
VIVIENDA USO TUR.;C/ AGRACEJO Nº1, 3º B;MADRID
VIVIENDA USO TUR.;C/ AZOFRE Nº 25 2º B;MADRID
VIVIENDA USO TUR.;C/ SAINZ DE BARANDA, Nº 16 B 4º IZDA;MADRID
VIVIENDA USO TUR.;C/ CUEVAS Nº 4, ESC. 1, BAJO PTA. 4;MADRID
VIVIENDA USO TUR.;C/ MINISTRILES Nº 5, ESC. INT, 3º IZDA.;MADRID
VIVIENDA USO TUR.;C/ ARROYO DE LA MEDIA LEGUA, Nº33 PUERTA 41;MADRID
VIVIENDA USO TUR.;C/ PEDRO SALINAS Nº 5, PORTAL 5, ATICO;MADRID
VIVIENDA USO TUR.;C/ LEGANITOS Nº 5, 3º;MADRID
VIVIENDA USO TUR.;C/ GAZTAMBIDE Nº 20 BAJO 5;MADRID
VIVIENDA USO TUR.;C/ LUIS PIERNAS Nº 8 PORTAL B BAJO PUERTA 2;MADRID
VIVIENDA USO TUR.;C/ ALCALÁ Nº 327, BAJO PUERTA D;MADRID
VIVIENDA USO TUR.;C/ CASTO PLASENCIA Nº 7 1º IZQ;MADRID
VIVIENDA USO TUR.;C/ ENCOMIENDA Nº 5 BAJO DCHA;MADRID
VIVIENDA USO TUR.;C/ DOCTOR CORTEZO Nº 9;MADRID
VIVIENDA USO TUR.;ANTONIO VICENT, Nº 22, 1º;MADRID
VIVIENDA USO TUR.;C/ ESTRELLA NAOS 3, BAJO B;MADRID
VIVIENDA USO TUR.;C/ ESTRELLA NAOS 3, BAJO A;MADRID
VIVIENDA USO TUR.;C/ LAVAPIES Nº 29 ESC INT BAJO PUERTA 4;MADRID
VIVIENDA USO TUR.;C/ LEZO Nº 4 BAJO IZDA;MADRID
VIVIENDA USO TUR.;C/ LAGUNA DEL MARQUESADO, Nº 11 BAJO PUERTA 34;MADRID
VIVIENDA USO TUR.;C/ POETA BLAS OTRO Nº 13, 5º B;MADRID
VIVIENDA USO TUR.;C/ FERNANDO OSSORIO Nº 9, 5º D;MADRID
VIVIENDA USO TUR.;C/ POETA BLAS OTRO Nº 13, 5º A;MADRID
VIVIENDA USO TUR.;AVDA. OSA MAYOR, Nº 32, ESC. D, 2º A;MADRID
VIVIENDA USO TUR.;AVDA. OSA MAYOR, Nº 32, ESC. D, 2º B;MADRID
VIVIENDA USO TUR.;AVDA. OSA MAYOR, Nº 32, ESC. D, 2º D;MADRID
VIVIENDA USO TUR.;AVDA. OSA MAYOR, Nº 32, ESC. D, 2º E;MADRID
VIVIENDA USO TUR.;AVDA. OSA MAYOR, Nº 32, ESC. D, 2º F;MADRID
VIVIENDA USO TUR.;C/ AMPARO, Nº 57, BAJO 2;MADRID
VIVIENDA USO TUR.;C/ NOVIEMBRE, Nº 58, BAJO 101;MADRID
VIVIENDA USO TUR.;C/ PRINCIPE Nº 5, PLANTA 2 PUERTA D;MADRID
VIVIENDA USO TUR.;C/ PRINCIPE Nº 5, PLANTA 1 PUERTA C;MADRID
VIVIENDA USO TUR.;PEDRO FERNANDEZ LABRADA Nº 3 PISO 3 PUERTA B;MADRID
VIVIENDA USO TUR.;C/ GONZALEZ SOTO, Nº36 BAJO;MADRID
VIVIENDA USO TUR.;C/ GENERAL RICARDOS, Nº 157, PORTAL A, ESC. A, 4º C;MADRID
VIVIENDA USO TUR.;C/ GAVIOTA, Nº 54, ESC. 2, 1º 1;MADRID
VIVIENDA USO TUR.;C/ NUESTRA SEÑORA DE VALVANERA, Nº 93, ESC. IZDA., PUERTA 1;MADRID
VIVIENDA USO TUR.;C/ LUIS MOYA BLANCO, Nº 29, 3º B, ESC. 3 PORT. 3;MADRID
VIVIENDA USO TUR.;C/ HERNANI,. Nº 31, ESC. E, 1º C;MADRID
VIVIENDA USO TUR.;C/ JUAN DE OLIAS, Nº 9, ESC. IZ., 4º 4;MADRID
VIVIENDA USO TUR.;C/ CUENCA, Nº 5, ESC. 1, 2º 1;MADRID
VIVIENDA USO TUR.;C/ PICO DE LA MALICIOSA, Nº 2, ESC. 1, 1º A;MADRID
VIVIENDA USO TUR.;C/ ALBERTO AGUILERA Nº 62, 6º IZDA.;MADRID
VIVIENDA USO TUR.;C/ CORREDERA ALTA DE SAN PABLO Nº 25, ESC. 1, 1º PTA. 1;MADRID
VIVIENDA USO TUR.;C/ SANZ RASO Nº 7, ESC. 1, 3º IZDA.;MADRID
VIVIENDA USO TUR.;C/ CORREGIDOR DIEGO DE VALDERRABANO Nº 30, BAJO B;MADRID
VIVIENDA USO TUR.;C/ GRANDEZA ESPAÑOLA Nº 58, 3º PTA. 1;MADRID
VIVIENDA USO TUR.;C/ GONZALEZ FEITO Nº 13, ESC. 1, 3º B;MADRID
VIVIENDA USO TUR.;C/ FRANCISCO GRANDE COVIAN Nº 14C, 1º A;MADRID
VIVIENDA USO TUR.;C/ BRAVO MURILLO Nº 276. 2º B;MADRID
VIVIENDA USO TUR.;PLAZA TIRSO DE MOLINA Nº 14 PLANTA 3 PUERTA 7;MADRID
VIVIENDA USO TUR.;C/ LAGUNA DEL MARQUESADO Nº5 PORTAL 5 1º PUERTA 149 ;MADRID
VIVIENDA USO TUR.;C/ AVE MARIA Nº 41 ESC 1 PLANTA 2 PUERTA 6;MADRID
VIVIENDA USO TUR.;PASEO DE EXTREMADURA Nº 77, 1º IZDA.;MADRID
VIVIENDA USO TUR.;AVDA GENERAL PERON Nº 32 PISO 5 PUERTA F;MADRID
VIVIENDA USO TUR.;C/ RICARDO DAMAS Nº 41, BAJO PTA. 8;MADRID
VIVIENDA USO TUR.;TRAVESIA GAVIA SECA Nº 3, PORTAL 1, BAJO F, PTA. 1;MADRID
VIVIENDA USO TUR.;C/ CASTILLO Nº 11, ESC. 3, 3º D;MADRID
VIVIENDA USO TUR.;C/ ORENSE Nº 69, 503;MADRID
VIVIENDA USO TUR.;AVDA. ISABEL DE VALOIS, Nº 28, PORTAL C, 2º PTA. 6;MADRID
VIVIENDA USO TUR.;C/ EMILIO RABOSO Nº 33;MADRID
VIVIENDA USO TUR.;C/ MONTELEON, Nº 25, 2º C;MADRID
VIVIENDA USO TUR.;C/ DON PEDRO Nº 6, ESC. INT., 1º IZDA.;MADRID
VIVIENDA USO TUR.;C/ TESORO, Nº, 6, 2º A;MADRID
VIVIENDA USO TUR.;C/ PEDRO BARREDA, Nº 10 4º A;MADRID
VIVIENDA USO TUR.;C/ SOPETRAN Nº6 ESC 1 BAJO PUERTA 01;MADRID
VIVIENDA USO TUR.;C/ FUENCEMILLAN Nº 16B, BAJO PTA. 1;MADRID
VIVIENDA USO TUR.;C/ ABADES Nº 14, ESC. 1, BAJO PTA. 1;MADRID
VIVIENDA USO TUR.;C/ MARIA PANES, Nº12 ESC 1 PLANTA 2 PUERTA A;MADRID
VIVIENDA USO TUR.;C/ VILLAMANIN, Nº 48 BAJO LOCAL;MADRID
VIVIENDA USO TUR.;C/ SAMANIEGO Nº 9, PORTAL 4, 2º J;MADRID
VIVIENDA USO TUR.;C/ EUGENIO ZUBIA Nº 11B;MADRID
VIVIENDA USO TUR.;C/ SAMANIEGO,Nº 12, PORTAL 3, 3º L;MADRID
VIVIENDA USO TUR.;C/ SAMANIEGO,Nº 12, PORTAL 2-1, 1º L;MADRID
VIVIENDA USO TUR.;C/ DIVINO PASTOR Nº 5, ESC.B, BAJO B;MADRID
VIVIENDA USO TUR.;C/ PUERTO DE POZAZAL Nº 37, BLQ. B, PORTAL 3, 1º PTA. 2;MADRID
VIVIENDA USO TUR.;C/ MAYOR Nº 51, 1º B;MADRID
VIVIENDA USO TUR.;C/ COSTA RICA, Nº 28, 4º C;MADRID
VIVIENDA USO TUR.;C/ BENITO DE CASTRO Nº 3, (6 VIVIENDAS);MADRID
VIVIENDA USO TUR.;C/ DELFIN Nº 1, PORTAL 1, ESC. C, 1º C;MADRID
VIVIENDA USO TUR.;C/ MATARO, Nº 28. BAJO 18;MADRID
VIVIENDA USO TUR.;C/ WAD-RAS, Nº 10, ESC. 3, 3º A;MADRID
VIVIENDA USO TUR.;C/ GENERAL ALVAREZ DE CASTRO, Nº17 PLANTA 2;MADRID
VIVIENDA USO TUR.;C/ BRAVO MURILLO Nº 297, PORTAL J, ESC. 1, 1º A;MADRID
VIVIENDA USO TUR.;C/ PINZÓN, PORTAL 1, ESC. 1, BAJO 1;MADRID
VIVIENDA USO TUR.;C/ ALEGRIA DE ORIA, Nº 11, ESC. 1, 5º A;MADRID
VIVIENDA USO TUR.;C/ CARRETERA DE BOADILLA DEL MONTE Nº 17, 2º C;MADRID
VIVIENDA USO TUR.;AVDA. CERRO MILANO Nº 8, BAJO A;MADRID
VIVIENDA USO TUR.;C/ SAN GERMAN, Nº 12, ESC. 1, 2º 1;MADRID
VIVIENDA USO TUR.;C/ PIRRA Nº 44, PORTAL B, ESC. 1, 2º PTA. 11;MADRID
VIVIENDA USO TUR.;C/ GALIANA Nº 46, BAJO A;MADRID
VIVIENDA USO TUR.;C/ CAMARENA Nº 168, BAJO B;MADRID
VIVIENDA USO TUR.;PASEO MARQUES DE ZAFRA Nº 19, 1º A;MADRID
VIVIENDA USO TUR.;C/ FRANCISCO SILVELA, Nº19 PLANTA 5 PUERTA E;MADRID
VIVIENDA USO TUR.;C/ RODAS, Nº6 BAJO PUERTA B;MADRID
VIVIENDA USO TUR.;ACCESO JUAN DUQUE, Nº 3, ESC. 1, BAJO 2;MADRID
VIVIENDA USO TUR.;PASEO DIRECCION Nº 27, BAJO IZDA.;MADRID
VIVIENDA USO TUR.;C/ NANCLARES DE OCA Nº 34, 4º C;MADRID
VIVIENDA USO TUR.;C/ PINZON Nº 2F, BAJO PTA. 3;MADRID
VIVIENDA USO TUR.;C/ CADIZ Nº 6, 1º;MADRID
VIVIENDA USO TUR.;C/ MURCIA Nº 20, BAJO 7-1;MADRID
VIVIENDA USO TUR.;C/ MURCIA Nº 20, BAJO 7-2;MADRID
VIVIENDA USO TUR.;C/ MURCIA Nº 20, BAJO 7-3;MADRID
VIVIENDA USO TUR.;C/ MANIPA, Nº 42 BAJO A;MADRID
VIVIENDA USO TUR.;C/ SANCHO DAVILA, Nº28 PLANTA L2-1;MADRID
VIVIENDA USO TUR.;C/ ELVIRA, Nº 16, BAJO C;MADRID
VIVIENDA USO TUR.;C/ ANGEL MUGICA Nº 10, LOCAL EXT., PTA. 1;MADRID
VIVIENDA USO TUR.;C/ SAN FIDEL Nº 1, ESC. EXT., BAJO B;MADRID
VIVIENDA USO TUR.;C/ SERBAL, Nº 5;MADRID
VIVIENDA USO TUR.;PLAZA BAMI Nº 31, BAJO PTA. 8;MADRID
VIVIENDA USO TUR.;C/ NAVAS DEL REY Nº 3, ESC. 1, BAJO A;MADRID
VIVIENDA USO TUR.;C/ NAVAS DEL REY Nº 3, ESC. 1, BAJO B;MADRID
VIVIENDA USO TUR.;C/ MULLER, Nº 48 BAJO;MADRID
VIVIENDA USO TUR.;C/ EMILIO RABOSO, Nº 1 BAJO 4;MADRID
VIVIENDA USO TUR.;C/ RADIO, Nº 30, BAJO DCHA.;MADRID
VIVIENDA USO TUR.;C/ ANTONIA LANCHA, Nº 36, BAJO L10;MADRID
VIVIENDA USO TUR.;C/ HERMOSILLA, Nº 132, SOTANO 4;MADRID
VIVIENDA USO TUR.;C/ ARTISTAS Nº 8, BAJO PTA. 1;MADRID
VIVIENDA USO TUR.;C/ ARTISTAS Nº 8, BAJO PTA. 2;MADRID
VIVIENDA USO TUR.;C/ SALVADOR MARTÍNEZ LOZANO Nº 8, BAJO;MADRID
VIVIENDA USO TUR.;C/ PRINCIPE Nº 5, ESC. DR., 3º PTA. B-1;MADRID
VIVIENDA USO TUR.;C/ PRINCIPE Nº 5, ESC. DR., 3º PTA. B-2;MADRID
VIVIENDA USO TUR.;C/ PRINCIPE Nº 5, ESC. DR., 3º PTA. B-3;MADRID
VIVIENDA USO TUR.;C/ MONJITAS Nº 34, 2º B;MAJADAHONDA
VIVIENDA USO TUR.;C/ SANTILLANA DEL LAGO, Nº 25;MANZANARES EL REAL
VIVIENDA USO TUR.;TRAVESIA DEL FRESNO, Nº 11, BAJO A ;MECO
VIVIENDA USO TUR.;C/ SAN PEDRO, Nº 65;MIRAFLORES DE LA SIERRA
VIVIENDA USO TUR.;C/ REAL, Nº 12, BAJO;MONTEJO DE LA SIERRA
VIVIENDA USO TUR.;C/ PORTILLO DE LA MINA, Nº 26 ;MORALZARZAL
VIVIENDA USO TUR.;C/ PARQUE VOSA Nº 36- 2ºC;MOSTOLES
VIVIENDA USO TUR.;PARAJE DE LOS ALAMILLOS Nº 170;NAVALCARNERO
VIVIENDA USO TUR.;C/ ALTAREJO Nº 3;ORUSCO DE TAJUÑA
VIVIENDA USO TUR.;C/ BUENAVISTA, Nº 5, BAJO;PATONES
VIVIENDA USO TUR.;C/ LIBERTAD Nº 17;PINTO
VIVIENDA USO TUR.;AVDA. PINTOR ANTONIO LOPEZ Nº 19, PORTAL 3, 2º A;PINTO
VIVIENDA USO TUR.;AVDA. JOSE HIERRO Nº 94B, 5º PTA. 508;RIVAS VACIAMADRID
VIVIENDA USO TUR.;AVDA. JOSE HIERRO Nº 94B, 5º PTA. 507;RIVAS VACIAMADRID
VIVIENDA USO TUR.;AVDA. CENTRAL Nº 46;ROBLEDO DE CHAVELA
VIVIENDA USO TUR.;PASEO CARLOS III, Nº 10, 1º B;SAN LORENZO DEL ESCORIAL
VIVIENDA USO TUR.;C/ TIMOTEO PADROS, 10;SAN LORENZO DEL ESCORIAL
VIVIENDA USO TUR.;C/ SAN MILLAN, Nº 1, 3º 1, ESC. 1;SAN LORENZO DEL ESCORIAL
VIVIENDA USO TUR.;C/ JUAN DE LA COSA Nº 375, P-6;SAN MARTIN DE VALDEIGLESIAS
VIVIENDA USO TUR.;AVDA. GALEON Nº 253, ESC. 2, PTA. 274;SAN MARTIN DE VALDEIGLESIAS
VIVIENDA USO TUR.;C/ FUERTEVENTURA Nº 7 PORTAL A1 BAJO  PUERTA 011;SAN SEBASTIAN DE LOS REYES
VIVIENDA USO TUR.;C/ FUERTEVENTURA Nº 7 PORTAL A1 PISO 2  PUERTA 206;SAN SEBASTIAN DE LOS REYES
VIVIENDA USO TUR.;AVDA. CERRO DEL AGUILA Nº 11, ESC. 1, 1º PTA. 251;SAN SEBASTIAN DE LOS REYES
VIVIENDA USO TUR.;DAMIAN SANCHEZ LOPEZ, Nº 8, BAJO 1;SAN SEBASTIAN DE LOS REYES
VIVIENDA USO TUR.;C/ RAMON ESTEBAN Nº 30, ESC. 2, 3º B;SAN SEBASTIAN DE LOS REYES
VIVIENDA USO TUR.;ARROYO SAN ROMAN 1;TORREMOCHA DEL JARAMA
VIVIENDA USO TUR.;RONDA VALDECARRIZO, Nº11 PORTAL SUR PLANTA 4 PTA 418;TRES CANTOS
VIVIENDA USO TUR.;C/ DISEMINADO Nº 35;VALDEMANCO
VIVIENDA USO TUR.;C/ VIOLETA Nº 18;VALDEMAQUEDA
VIVIENDA USO TUR.;C/ DESPEÑAPERROS, Nº 21, BAJO;VALDEMORILLO
VIVIENDA USO TUR.;C/ FRANCISCO PIZARRO Nº 41;VILLANUEVA DE LA CAÑADA
VIVIENDA USO TUR.;COLONIA TRINIDAD, Nº 19;VILLAR DEL OLMO
